codigo_cliente;codigo_camion;fecha_entrega;producto;cantidad
604658;TM9;46100;ANT 3000 PET X6;3
604658;TM9;46100;AGU 500 PT X12 ;1
604658;TM9;46100;PEP BLA X6 3L  ;14
604658;TM9;46100;PEP BLA X12 1L ;4
604658;TM9;46100;PEP BLA X12 500;4
604658;TM9;46100;PEP BLA 2L X6  ;7
604658;TM9;46100;ROCK 300 ENE   ;2
604658;TM9;46100;ROC BER 300    ;2
604658;TM9;46100;ANT G 2 X6     ;4
604658;TM9;46100;7UP LIM 1LX12SF;2
604658;TM9;46100;PEP C 500 X12  ;3
604658;TM9;46100;PEP C 1 X12    ;4
604658;TM9;46100;PEP C 2 X6     ;6
604658;TM9;46100;PEP C 3 X6     ;15
604658;TM9;46100;SEV L 3L X6SF  ;10
604658;TM9;46100;SEV L 2L X6S   ;2
604658;TM9;46100;HUA OW X24 300 ;6
604658;TM9;46100;BOC CAN X12 440;18
604658;TM9;46100;HUA CAN X12 269;4
604658;TM9;46100;PAC X12 330 EVE;8
604658;TM9;46100;ROCK 300 ENE   ;2
604658;TM9;46100;PEP C 250 X12  ;24
604658;TM9;46100;PAC 235 EVE NE ;5
604658;TM9;46100;BOT RT X24 235 ;5
604658;TM9;46100;PEP BLA 2L X6  ;1
604658;TM9;46100;PEP C 2 X6     ;3
604658;TM9;46100;SEV L 2L X6S   ;1
604658;TM9;46100;PEP BLA 2L X6  ;5
604658;TM9;46100;GAT MORA X6 400;16
604658;TM9;46100;GAT MORA X6 400;16
604660;TM9;46100;AGUA 2000 PT X6;4
604660;TM9;46100;AGU 500 PT X12 ;4
604660;TM9;46100;PEP BLA X6 3L  ;20
604660;TM9;46100;PEP BLA X12 1L ;5
604660;TM9;46100;PEP BLA X12 500;8
604660;TM9;46100;PEP BLA 2L X6  ;5
604660;TM9;46100;ROCK 300 ENE   ;3
604660;TM9;46100;ROC BER 300    ;2
604660;TM9;46100;ANT G 500 X12  ;6
604660;TM9;46100;ANT G 2 X6     ;6
604660;TM9;46100;PEP C 500 X12  ;12
604660;TM9;46100;PEP C 1 X12    ;8
604660;TM9;46100;PEP C 2 X6     ;4
604660;TM9;46100;PEP C 3 X6     ;14
604660;TM9;46100;SEV L 3L X6SF  ;7
604660;TM9;46100;SEV L 2L X6S   ;3
604660;TM9;46100;HUA OW X24 300 ;14
604660;TM9;46100;BOC CAN X12 440;54
604660;TM9;46100;HUA CAN X12 269;9
604660;TM9;46100;PAC X12 440 EVE;28
604660;TM9;46100;PILSE HUAR X12 ;1
604660;TM9;46100;PAC 235 EVE NE ;7
604660;TM9;46100;BOT. HUARI 620 ;1
604660;TM9;46100;BOT RT X24 235 ;7
604660;TM9;46100;PEP BLA 2L X6  ;1
604660;TM9;46100;PEP C 2 X6     ;3
604660;TM9;46100;SEV L 2L X6S   ;1
604660;TM9;46100;PEP BLA 2L X6  ;4
604660;TM9;46100;GAT MORA X6 400;30
604660;TM9;46100;GATO FR X6 400 ;28
828523;TM9;46100;PEP C 3 X6     ;45
828523;TM9;46100;SEV L 3L X6SF  ;10
828523;TM9;46100;PEP BLA X6 3L  ;10
828523;TM9;46100;PAC CAN X12 440;20
825577;TN1;46100;ROC BER 300    ;4
825577;TN1;46100;ANT G 500 X12  ;8
825577;TN1;46100;ANT G 2 X6     ;6
825577;TN1;46100;7UP LIM 1LX12SF;7
825577;TN1;46100;PEP C 500 X12  ;33
825577;TN1;46100;PEP C 1 X12    ;16
825577;TN1;46100;PEP C 2 X6     ;9
825577;TN1;46100;PEP C 3 X6     ;22
825577;TN1;46100;SEV L 2L X6S   ;2
825577;TN1;46100;ANT 3000 PET X6;2
825577;TN1;46100;AGUA 2000 PT X6;6
825577;TN1;46100;AGU 500 PT X12 ;2
825577;TN1;46100;PEP BLA X6 3L  ;29
825577;TN1;46100;PEP BLA X12 1L ;20
825577;TN1;46100;PEP BLA X12 500;19
825577;TN1;46100;PEP BLA 2L X6  ;9
825577;TN1;46100;ROCK 300 ENE   ;2
825577;TN1;46100;HUA OW X24 300 ;7
825577;TN1;46100;BOC CAN X12 440;17
825577;TN1;46100;HUA CAN X12 269;4
825577;TN1;46100;COR EXT X24 330;5
825577;TN1;46100;ROCK 300 ENE   ;3
825577;TN1;46100;PEP C 250 X12  ;24
825577;TN1;46100;PAC 235 EVE NE ;5
825577;TN1;46100;BOT RT X24 235 ;5
825577;TN1;46100;PEP BLA 2L X6  ;2
825577;TN1;46100;PEP C 2 X6     ;3
825577;TN1;46100;SEV L 2L X6S   ;2
825577;TN1;46100;PEP BLA 2L X6  ;7
825577;TN1;46100;GAT MORA X6 400;30
825577;TN1;46100;GAT MORA X6 400;18
35371;DC1;46100;PAC PI 620 X12 ;0,41
35371;DC1;46100;HUA PI 620 X12 ;80
35371;DC1;46100;PEP C 250 X12  ;1
35436;DC1;46100;PAC CAN X12 440;20
35436;DC1;46100;HUA PI 620 X12 ;10
36528;DC1;46100;PAC CAN X12 440;4
36528;DC1;46100;BOC CAN X12 440;2
36528;DC1;46100;PAC CAN X12 440;4
46221;DC1;46100;PAC CAN X12 440;5
46221;DC1;46100;PAC CAN X12 440;1
68468;DC1;46100;HUA PI 620 X12 ;40
69670;DC1;46100;HUA PI 620 X12 ;2
69670;DC1;46100;HUA PI 620 X12 ;5
69670;DC1;46100;HUA PI 620 X12 ;5
69670;DC1;46100;HUA PI 620 X12 ;10
70712;DC1;46100;HUA PI 620 X12 ;1
70712;DC1;46100;PAC PI 620 X12 ;3
78631;DC1;46100;PAC PI 620 X12 ;1
79666;DC1;46100;HUA PI 620 X12 ;20
79700;DC1;46100;HUA PI 620 X12 ;2
79700;DC1;46100;HUA OW X24 300 ;1
79700;DC1;46100;HUA OW X24 300 ;5
87653;DC1;46100;PAC CAN X12 440;5
89560;DC1;46100;PAC PI 620 X12 ;15
89560;DC1;46100;HUA MIE X24 300;1
89560;DC1;46100;HUA PI 620 X12 ;20
98201;DC1;46100;HUA PI 620 X12 ;23
98201;DC1;46100;HUA OW X24 300 ;22
106342;DC1;46100;PEP C 2 X6     ;1
106342;DC1;46100;SERV BEES FLEX ;1
622373;DC1;46100;HUA PI 620 X12 ;4
816318;DC1;46100;SEV L 2L X6S   ;1
816318;DC1;46100;PAC CAN X12 440;2
816318;DC1;46100;GOL CAN X12 440;1
816389;DC1;46100;HUA PI 620 X12 ;5
822294;DC1;46100;HUA OW X24 300 ;2
822294;DC1;46100;SEV L 3L X6SF  ;1
822294;DC1;46100;SEV L 2L X6S   ;1
822294;DC1;46100;BOC CAN X12 440;1
822294;DC1;46100;GOL CAN X12 440;1
826119;DC1;46100;BOT. HUARI 620 ;40
826119;DC1;46100;CAJA CBN PLASTI;40
828098;DC1;46100;HUA PI 620 X12 ;10
828099;DC1;46100;PAC PI 620 X12 ;10
828099;DC1;46100;GOL 620 ENV    ;7
853140;DC1;46100;SEV L 2L X6S   ;1
853140;DC1;46100;HUA PI 620 X12 ;1
853140;DC1;46100;PAC CAN X12 440;1
853140;DC1;46100;SEV L 2L X6S   ;1
853242;DC1;46100;PAC CAN X12 440;5
853242;DC1;46100;BOC CAN X12 440;2
853242;DC1;46100;GOL CAN X12 440;4
853242;DC1;46100;PAC CAN X12 440;3
869774;DC1;46100;HUA PI 620 X12 ;50
869827;DC1;46100;ANT G 500 X12  ;4
869827;DC1;46100;7UP LIM 1LX12SF;4
869827;DC1;46100;PEP C 500 X12  ;2
869827;DC1;46100;PEP C 1 X12    ;2
869827;DC1;46100;SEV L 500CC    ;4
869827;DC1;46100;HUA OW X24 300 ;3
878647;DC1;46100;HUA PI 620 X12 ;10
881785;DC1;46100;HUA OW X24 300 ;2
883738;DC1;46100;HUA OW X24 300 ;2
883738;DC1;46100;COR EXT X24 330;5
887939;DC1;46100;PEP C 3 X6     ;1
889868;DC1;46100;COR EXT X24 330;2
897683;DC1;46100;PAC PI 620 X12 ;4
897691;DC1;46100;HUA PI 620 X12 ;7
898869;DC1;46100;HUA PI 620 X12 ;10
898869;DC1;46100;HUA PI 620 X12 ;7
899490;DC1;46100;HUA PI 620 X12 ;4
901074;DC1;46100;PEP C 1 X12    ;2
901074;DC1;46100;PEP C 3 X6     ;1
901074;DC1;46100;PEP C 250 X12  ;5
902045;DC1;46100;PAC PI 620 X12 ;1
903641;DC1;46100;PAC CAN X12 440;1
903641;DC1;46100;BOC CAN X12 440;1
912209;DC1;46100;PEP C 2 X6     ;1
912209;DC1;46100;GOL CAN X12 440;4
912209;DC1;46100;PEP C 2 X6     ;10
913434;DC1;46100;PEP C 2 X6     ;1
913434;DC1;46100;PAC PI 620 X12 ;1
913434;DC1;46100;PAC CAN X12 440;1
921082;DC1;46100;ANT G 2 X6     ;5
921082;DC1;46100;PEP C 1 X12    ;1
925929;DC1;46100;PEP C 1 X12    ;5
925929;DC1;46100;PEP C 3 X6     ;1
927116;DC1;46100;HUA PI 620 X12 ;3
927116;DC1;46100;AGU 500 PT X12 ;2
33494;D62;46100;PEP C 250 X12  ;10
33494;D62;46100;PAC CAN X12 440;20
33494;D62;46100;MAL CAN X12 440;1
33494;D62;46100;PAC 235 EVE NE ;10
33494;D62;46100;COR EXT X24 330;1
33494;D62;46100;HUA PI 620 X12 ;20
33494;D62;46100;HUA OW X24 300 ;2
33494;D62;46100;HUA CAN X12 269;1
33494;D62;46100;HUA PI 620 X12 ;10
33494;D62;46100;PAC PI 620 X12 ;100
33632;D62;46100;PEP C 3 X6     ;3
33632;D62;46100;PAC CAN X12 440;5
33632;D62;46100;BOC CAN X12 440;2
33632;D62;46100;HUA PI 620 X12 ;1
42017;D62;46100;PEP C 2 X6     ;1
42017;D62;46100;PAC CAN X12 440;3
42136;D62;46100;HUA PI 620 X12 ;5
43041;D62;46100;HUA PI 620 X12 ;7
43041;D62;46100;GOL 620 ENV    ;3
79654;D62;46100;PEP C 1 X12    ;1
79654;D62;46100;PEP C 2 X6     ;1
79654;D62;46100;ORIM PAP 3L PET;1
79654;D62;46100;PAC PI 620 X12 ;10
79654;D62;46100;PEP BLA X6 3L  ;1
79654;D62;46100;PAC PI 620 X12 ;4
84467;D62;46100;PEP C 3 X6     ;2
84467;D62;46100;ORIM PAP 3L PET;1
84467;D62;46100;PAC PI 620 X12 ;3
84467;D62;46100;PAC CAN X12 440;1
84467;D62;46100;GOL CAN X12 440;2
84467;D62;46100;PAC PI 620 X12 ;1
84514;D62;46100;PEP C 2 X6     ;2
84514;D62;46100;PEP C 3 X6     ;2
84514;D62;46100;SEV L 2L X6S   ;1
84514;D62;46100;MAL CAN X12 440;1
99989;D62;46100;PAC PI 620 X12 ;5
883325;D62;46100;HUA MIE X24 300;1
883325;D62;46100;MAL CAN X12 440;1
885099;D62;46100;PAC PI 620 X12 ;10
894525;D62;46100;HUA PI 620 X12 ;20
894525;D62;46100;HUA PI 620 X12 ;10
894525;D62;46100;PAC CAN X12 440;1
896438;D62;46100;PEP C 3 X6     ;1
896438;D62;46100;PAC PI 620 X12 ;7
896438;D62;46100;PAC PI 620 X12 ;1
896438;D62;46100;GOL CAN X12 440;1
897055;D62;46100;PAC PI 620 X12 ;9
897055;D62;46100;PAC CAN X12 440;3
897055;D62;46100;PEP C 3 X6     ;1
897055;D62;46100;PAC CAN X12 440;1
902303;D62;46100;PEP C 2 X6     ;1
902303;D62;46100;PAC PI 620 X12 ;2
902303;D62;46100;PAC PI 620 X12 ;1
903595;D62;46100;PEP BLA X6 3L  ;1
903595;D62;46100;HUA MIE X24 300;1
907646;D62;46100;HUA PI 620 X12 ;3
907646;D62;46100;PEP C 2 X6     ;2
907646;D62;46100;PAC PI 620 X12 ;5
908162;D62;46100;HUA PI 620 X12 ;7
908162;D62;46100;PAC PI 620 X12 ;10
908162;D62;46100;PAC CAN X12 440;10
908162;D62;46100;HUA PI 620 X12 ;5
908162;D62;46100;PEP C 3 X6     ;8
908162;D62;46100;SEV L 3L X6SF  ;2
908162;D62;46100;ORIM PAP 3L PET;2
908162;D62;46100;PAC PI 620 X12 ;20
908162;D62;46100;ORI POM 3L X6  ;1
908162;D62;46100;PEP BLA X6 3L  ;5
908162;D62;46100;BOC CAN X12 440;2
908162;D62;46100;GOL CAN X12 440;5
912999;D62;46100;HUA PI 620 X12 ;12
912999;D62;46100;HUA PI 620 X12 ;10
913814;D62;46100;PEP C 1 X12    ;1
913814;D62;46100;PEP C 3 X6     ;1
913814;D62;46100;SEV L 3L X6SF  ;1
913814;D62;46100;PAC CAN X12 440;5
913814;D62;46100;HUA PI 620 X12 ;3
923247;D62;46100;HUA PI 620 X12 ;1
923247;D62;46100;PEP C 3 X6     ;1
925179;D62;46100;HUA MIE X24 300;1
925179;D62;46100;BOC CAN X12 440;1
925179;D62;46100;PAC PI 620 X12 ;1
925179;D62;46100;HUA PI 620 X12 ;3
925179;D62;46100;PAC PI 620 X12 ;4
925179;D62;46100;PAC CAN X12 440;1
925328;D62;46100;HUA PI 620 X12 ;10
925328;D62;46100;SEV L 2L X6S   ;2
925328;D62;46100;PAC PI 620 X12 ;10
925328;D62;46100;COR EXT X24 330;2
926890;D62;46100;SEV L 3L X6SF  ;1
926890;D62;46100;PAC CAN X12 440;4
926890;D62;46100;BOC CAN X12 440;2
926890;D62;46100;COR EXT X24 330;1
928151;D62;46100;SEV L 3L X6SF  ;1
928151;D62;46100;PAC PI 620 X12 ;4
33783;E36;46100;PEP C 3 X6     ;2
33783;E36;46100;PAC PI 620 X12 ;3
33783;E36;46100;PAC CAN X12 440;1
43341;E36;46100;PEP C 3 X6     ;4
43341;E36;46100;PEP C 250 X12  ;2
43341;E36;46100;SEV L 3L X6SF  ;1
75915;E36;46100;PEP C 1 X12    ;1
75915;E36;46100;PEP C 3 X6     ;2
75915;E36;46100;PEP BLA X6 3L  ;1
75915;E36;46100;BOC CAN X12 440;2
75915;E36;46100;MAL CAN X12 440;1
75915;E36;46100;PAC CAN X12 440;5
78693;E36;46100;PAC PI 620 X12 ;7
83905;E36;46100;PEP BLA X6 3L  ;0,16
89067;E36;46100;PEP C 1 X12    ;1
89067;E36;46100;PEP C 3 X6     ;1
89067;E36;46100;PEP C 250 X12  ;3
89069;E36;46100;ROCK 300 ENE   ;1
89069;E36;46100;PEP C 1 X12    ;1
104666;E36;46100;HUA PI 620 X12 ;5
104666;E36;46100;HUA PI 620 X12 ;5
104666;E36;46100;HUA PI 620 X12 ;5
104666;E36;46100;PAC PI 620 X12 ;1
104666;E36;46100;HUA PI 620 X12 ;5
104666;E36;46100;PAC PI 620 X12 ;6
104666;E36;46100;PAC PI 620 X12 ;6
104666;E36;46100;PAC PI 620 X12 ;6
104666;E36;46100;PAC PI 620 X12 ;6
104666;E36;46100;PAC PI 620 X12 ;6
104666;E36;46100;PAC PI 620 X12 ;6
104666;E36;46100;PAC PI 620 X12 ;6
638971;E36;46100;HUA PI 620 X12 ;7
638971;E36;46100;PEP C 2 X6     ;7
638971;E36;46100;PEP C 3 X6     ;120
638971;E36;46100;PAC CAN X12 440;20
848891;E36;46100;PEP C 1 X12    ;1
848891;E36;46100;PEP C 3 X6     ;10
848891;E36;46100;PAC CAN X12 440;20
848891;E36;46100;BOC CAN X12 440;2
848891;E36;46100;GOL CAN X12 440;2
848891;E36;46100;HUA PI 620 X12 ;2
849070;E36;46100;HUA PI 620 X12 ;20
849070;E36;46100;SEV L 3L X6SF  ;5
849070;E36;46100;PEP C 250 X12  ;50
849070;E36;46100;MAL CAN X12 440;1
849076;E36;46100;PEP C 2 X6     ;15
849076;E36;46100;PEP C 3 X6     ;40
849076;E36;46100;SEV L 3L X6SF  ;10
849076;E36;46100;SEV L 2L X6S   ;5
866846;E36;46100;HUA PI 620 X12 ;8
866846;E36;46100;PEP C 1 X12    ;1
877087;E36;46100;PEP C 2 X6     ;1
877087;E36;46100;SEV L 2L X6S   ;2
877087;E36;46100;PAC PI 620 X12 ;30
888448;E36;46100;PEP C 3 X6     ;4
888448;E36;46100;MAL CAN X12 440;1
907272;E36;46100;PAC CAN X12 440;8
907272;E36;46100;GOL CAN X12 440;2
907272;E36;46100;PAC PI 620 X12 ;3
907272;E36;46100;PAC CAN X12 440;1
907272;E36;46100;PEP C 2 X6     ;1
907272;E36;46100;PEP C 3 X6     ;1
907272;E36;46100;PAC PI 620 X12 ;1
908583;E36;46100;PEP C 3 X6     ;1
908583;E36;46100;SEV L 3L X6SF  ;1
908583;E36;46100;PEP BLA X6 3L  ;1
908656;E36;46100;PEP C 1 X12    ;1
908656;E36;46100;PEP C 3 X6     ;3
908656;E36;46100;PAC CAN X12 440;30
908656;E36;46100;BOC CAN X12 440;2
908661;E36;46100;PEP C 250 X12  ;5
908661;E36;46100;PAC CAN X12 440;1
910499;E36;46100;HUA PI 620 X12 ;5
910499;E36;46100;PAC PI 620 X12 ;7
910499;E36;46100;HUA CAN X12 269;1
910499;E36;46100;PAC PI 620 X12 ;2
916465;E36;46100;PEP C 250 X12  ;2
921666;E36;46100;HUA PI 620 X12 ;7
921666;E36;46100;PEP C 2 X6     ;1
921666;E36;46100;SEV L 2L X6S   ;1
921666;E36;46100;HUA PI 620 X12 ;10
921666;E36;46100;PEP C 2 X6     ;20
921666;E36;46100;SEV L 2L X6S   ;10
923889;E36;46100;PAC CAN X12 440;5
923889;E36;46100;BOC CAN X12 440;2
923889;E36;46100;HUA MIE X24 300;1
923889;E36;46100;COR EXT X24 330;1
923889;E36;46100;MAL CAN X12 440;1
923889;E36;46100;PAC CAN X12 440;1
923889;E36;46100;PEP C 3 X6     ;3
923889;E36;46100;PEP BLA X6 3L  ;1
924460;E36;46100;PEP C 3 X6     ;10
33170;J39;46100;HUA OW X24 300 ;13
36834;J39;46100;HUA PI 620 X12 ;19
37276;J39;46100;SEV L 500CC    ;2
40760;J39;46100;PEP C 1 X12    ;1
40760;J39;46100;PEP C 2 X6     ;1
40760;J39;46100;PEP C 3 X6     ;2
40760;J39;46100;PEP C 250 X12  ;1
48988;J39;46100;HUA PI 620 X12 ;10
48988;J39;46100;PAC PI 620 X12 ;1
61515;J39;46100;SEV L 3L X6SF  ;1
61515;J39;46100;PAC PI 620 X12 ;1
61515;J39;46100;GOL CAN X12 440;1
79188;J39;46100;MAL M 620 X12  ;1
79188;J39;46100;PEP C 3 X6     ;1
79188;J39;46100;SEV L 3L X6SF  ;1
79188;J39;46100;PEP C 250 X12  ;5
79188;J39;46100;MAL CAN X12 440;1
81375;J39;46100;PEP C 250 X12  ;1
81375;J39;46100;PAC CAN X12 440;2
81375;J39;46100;MAL CAN X12 440;1
85507;J39;46100;PEP C 3 X6     ;1
85507;J39;46100;PAC CAN X12 440;2
85631;J39;46100;PEP C 3 X6     ;3
85631;J39;46100;PEP C 250 X12  ;15
92427;J39;46100;PEP C 1 X12    ;1
92427;J39;46100;PEP C 2 X6     ;1
92427;J39;46100;PEP C 3 X6     ;1
104118;J39;46100;HUA PI 620 X12 ;10
104118;J39;46100;HUA PI 620 X12 ;10
104118;J39;46100;PEP C 250 X12  ;1
105804;J39;46100;MAL M 620 X12  ;1
105804;J39;46100;MAL CAN X12 440;1
105804;J39;46100;HUA PI 620 X12 ;2
105804;J39;46100;PAC CAN X12 440;5
110255;J39;46100;HUA OW X24 300 ;2
111363;J39;46100;HUA PI 620 X12 ;5
111363;J39;46100;HUA MIE X24 300;1
112010;J39;46100;MAL M 620 X12  ;1
112010;J39;46100;MAL CAN X12 440;1
678413;J39;46100;HUA OW X24 300 ;8
808955;J39;46100;PEP C 3 X6     ;2
808955;J39;46100;AGUA 2000 PT X6;2
808955;J39;46100;PEP C 250 X12  ;1
808955;J39;46100;GAT MORA X6 400;1
813169;J39;46100;HUA PI 620 X12 ;10
813169;J39;46100;PAC PI 620 X12 ;10
823001;J39;46100;PEP C 500 X12  ;1
823001;J39;46100;PEP C 3 X6     ;1
823001;J39;46100;HUA CAN X12 440;2
823008;J39;46100;PEP C 1 X12    ;2
823008;J39;46100;BOC CAN X12 440;2
824553;J39;46100;PEP C 1 X12    ;1
824553;J39;46100;PEP C 2 X6     ;2
824553;J39;46100;PEP C 3 X6     ;1
824553;J39;46100;SEV L 3L X6SF  ;1
824553;J39;46100;SEV L 2L X6S   ;1
824553;J39;46100;PEP C 250 X12  ;1
824553;J39;46100;PAC CAN X12 440;10
824553;J39;46100;HUA PI 620 X12 ;1
828653;J39;46100;PAC PI 620 X12 ;1
828653;J39;46100;PEP C 250 X12  ;1
828653;J39;46100;PAC CAN X12 440;1
831783;J39;46100;HUA PI 620 X12 ;10
831783;J39;46100;PEP C 2 X6     ;6
832901;J39;46100;HUA PI 620 X12 ;10
873368;J39;46100;SKOL G X6 300CC;1
873825;J39;46100;HUA PI 620 X12 ;3
873825;J39;46100;PAC PI 620 X12 ;4
873825;J39;46100;HUA OW X24 300 ;3
876900;J39;46100;PAC 235 EVE NE ;2
886421;J39;46100;PEP C 3 X6     ;1
886421;J39;46100;SEV L 2L X6S   ;1
886421;J39;46100;PEP C 250 X12  ;1
886421;J39;46100;PEP C 250 X12  ;1
890548;J39;46100;HUA OW X24 300 ;5
893529;J39;46100;PEP C 1 X12    ;1
893529;J39;46100;ORIM PAP 3L PET;1
893529;J39;46100;AGUA 2000 PT X6;2
893529;J39;46100;PEP C 250 X12  ;1
894198;J39;46100;PAC PI 620 X12 ;15
898139;J39;46100;HUA PI 620 X12 ;7
898139;J39;46100;PEP C 2 X6     ;1
898139;J39;46100;PAC PI 620 X12 ;10
898139;J39;46100;BOC CAN X12 440;2
898139;J39;46100;PEP BLA 2L X6  ;1
898381;J39;46100;GOL CAN X12 440;3
901596;J39;46100;HUA PI 620 X12 ;10
901596;J39;46100;PAC PI 620 X12 ;10
905946;J39;46100;BOC CAN X12 440;2
905946;J39;46100;PEP C 2 X6     ;3
905946;J39;46100;PEP C 3 X6     ;10
905946;J39;46100;PAC CAN X12 440;7
905946;J39;46100;HUA PI 620 X12 ;5
909609;J39;46100;PEP C 3 X6     ;2
909609;J39;46100;PAC CAN X12 440;5
910425;J39;46100;HUA PI 620 X12 ;3
910425;J39;46100;PAC PI 620 X12 ;5
910425;J39;46100;HUA OW X24 300 ;3
914700;J39;46100;HUA PI 620 X12 ;10
917679;J39;46100;HUA PI 620 X12 ;1
917679;J39;46100;PAC CAN X12 440;1
917679;J39;46100;AGU 500 PT X12 ;1
917679;J39;46100;GOL 620 ENV    ;1
917709;J39;46100;PEP C 1 X12    ;1
917709;J39;46100;PEP C 3 X6     ;1
917709;J39;46100;BOC CAN X12 440;1
920598;J39;46100;HUA PI 620 X12 ;1
920598;J39;46100;7UP LIM 1LX12SF;2
924520;J39;46100;SEV L 3L X6SF  ;1
924520;J39;46100;PEP C 250 X12  ;1
925286;J39;46100;HUA PI 620 X12 ;12
926406;J39;46100;HUA OW X24 300 ;1
927962;J39;46100;HUA OW X24 300 ;1
928533;J39;46100;HUA OW X24 300 ;1
928905;J39;46100;HUA PI 620 X12 ;5
928905;J39;46100;AGUA 2000 PT X6;5
928905;J39;46100;PEP C 250 X12  ;5
39816;LP1;46100;HUA PI 620 X12 ;5
39816;LP1;46100;PEP C 2 X6     ;5
39816;LP1;46100;PAC CAN X12 440;5
41098;LP1;46100;PEP C 3 X6     ;1
41098;LP1;46100;ORIM PAP 3L PET;1
41098;LP1;46100;PAC X12 269 EVE;1
41788;LP1;46100;HUA PI 620 X12 ;10
41788;LP1;46100;PEP C 3 X6     ;3
41788;LP1;46100;PAC PI 620 X12 ;1
41788;LP1;46100;MAL CAN X12 440;1
44530;LP1;46100;PEP C 1 X12    ;3
44530;LP1;46100;PEP C 2 X6     ;12
44530;LP1;46100;PEP C 3 X6     ;40
44530;LP1;46100;SEV L 3L X6SF  ;10
44530;LP1;46100;SEV L 2L X6S   ;8
44530;LP1;46100;PEP BLA X6 3L  ;5
49680;LP1;46100;HUA PI 620 X12 ;10
49681;LP1;46100;BOC CAN X12 440;0,08
49681;LP1;46100;GOL CAN X12 440;0,08
49681;LP1;46100;MAL M 620 X12  ;1
49681;LP1;46100;MAL CAN X12 440;1
49681;LP1;46100;HUA PI 620 X12 ;10
55905;LP1;46100;HUA PI 620 X12 ;20
55905;LP1;46100;MAL CAN X12 440;1
55905;LP1;46100;HUA PI 620 X12 ;10
73438;LP1;46100;HUA PI 620 X12 ;10
78917;LP1;46100;PEP C 1 X12    ;1
78917;LP1;46100;PEP C 2 X6     ;1
78917;LP1;46100;PEP C 3 X6     ;6
78917;LP1;46100;ORI POM 3L X6  ;1
78917;LP1;46100;PEP BLA X6 3L  ;1
78917;LP1;46100;ROCK 300 ENE   ;1
82815;LP1;46100;PEP C 3 X6     ;1
82815;LP1;46100;PEP C 3 X6     ;1
82815;LP1;46100;PEP C 250 X12  ;1
85385;LP1;46100;PEP C 3 X6     ;3
85385;LP1;46100;ORIM PAP 3L PET;1
85385;LP1;46100;PAC PI 620 X12 ;13
85385;LP1;46100;MAL CAN X12 440;1
85385;LP1;46100;HUA PI 620 X12 ;2
87402;LP1;46100;HUA PI 620 X12 ;5
87402;LP1;46100;HUA PI 620 X12 ;7
88931;LP1;46100;HUA PI 620 X12 ;1
88931;LP1;46100;PAC PI 620 X12 ;2
99291;LP1;46100;HUA PI 620 X12 ;7
99291;LP1;46100;PEP C 3 X6     ;2
99291;LP1;46100;PEP BLA X6 3L  ;1
99291;LP1;46100;GOL CAN X12 440;2
101877;LP1;46100;PEP C 250 X12  ;3
104412;LP1;46100;HUA PI 620 X12 ;5
104412;LP1;46100;PAC PI 620 X12 ;8
808694;LP1;46100;HUA PI 620 X12 ;20
808774;LP1;46100;PEP C 3 X6     ;2
808774;LP1;46100;PEP C 250 X12  ;1
808774;LP1;46100;MAL CAN X12 440;1
808774;LP1;46100;GOL CAN X12 440;1
810162;LP1;46100;PEP C 3 X6     ;4
811134;LP1;46100;PAC PI 620 X12 ;50
811134;LP1;46100;HUA PI 620 X12 ;10
811134;LP1;46100;PEP C 2 X6     ;10
811134;LP1;46100;SEV L 2L X6S   ;10
812937;LP1;46100;PEP C 1 X12    ;1
812937;LP1;46100;PEP C 3 X6     ;1
812937;LP1;46100;SEV L 3L X6SF  ;1
816509;LP1;46100;PEP C 3 X6     ;1
816509;LP1;46100;PEP C 250 X12  ;1
816509;LP1;46100;PAC CAN X12 440;1
816509;LP1;46100;MAL CAN X12 440;1
816509;LP1;46100;HUA PI 620 X12 ;5
833815;LP1;46100;PEP C 2 X6     ;2
833815;LP1;46100;PEP C 3 X6     ;1
833815;LP1;46100;SEV L 3L X6SF  ;1
833815;LP1;46100;PAC PI 620 X12 ;7
849584;LP1;46100;PEP C 3 X6     ;3
849584;LP1;46100;MAL CAN X12 440;1
849584;LP1;46100;PEP C 250 X12  ;1
885246;LP1;46100;MAL M 620 X12  ;1
885737;LP1;46100;PAC PI 620 X12 ;30
885737;LP1;46100;HUA PI 620 X12 ;30
888860;LP1;46100;HUA PI 620 X12 ;1
888860;LP1;46100;ORIM PAP 3L PET;1
888860;LP1;46100;PAC PI 620 X12 ;7
888860;LP1;46100;PAC CAN X12 440;1
892425;LP1;46100;PAC PI 620 X12 ;3
893468;LP1;46100;HUA PI 620 X12 ;10
893724;LP1;46100;MAL CAN X12 440;1
893724;LP1;46100;HUA PI 620 X12 ;5
894045;LP1;46100;HUA PI 620 X12 ;12
894045;LP1;46100;MAL M 620 X12  ;1
894045;LP1;46100;PAC PI 620 X12 ;7
896219;LP1;46100;HUA PI 620 X12 ;7
896516;LP1;46100;ANT G 2 X6     ;1,33
896516;LP1;46100;ANT 3000 PET X6;1,33
896516;LP1;46100;HUA PI 620 X12 ;7
899046;LP1;46100;HUA PI 620 X12 ;7
899046;LP1;46100;HUA CAN X12 269;8
905387;LP1;46100;HUA PI 620 X12 ;1
905387;LP1;46100;MAL CAN X12 440;1
905387;LP1;46100;PEP C 3 X6     ;1
905387;LP1;46100;PAC PI 620 X12 ;7
905387;LP1;46100;PAC CAN X12 440;2
905387;LP1;46100;COR EXT X24 330;1
74148;RS1;46100;PEP C 2 X6     ;1
74148;RS1;46100;PEP C 3 X6     ;2
74148;RS1;46100;SEV L 2L X6S   ;1
74148;RS1;46100;PEP C 1 X12    ;1
76289;RS1;46100;PAC PI 620 X12 ;2
76289;RS1;46100;PAC CAN X12 440;5
79485;RS1;46100;PEP C 1 X12    ;1
79485;RS1;46100;PEP C 3 X6     ;2
79485;RS1;46100;PEP BLA X6 3L  ;1
79485;RS1;46100;MAL CAN X12 440;1
87344;RS1;46100;PAC CAN X12 440;20
96562;RS1;46100;PEP C 3 X6     ;4
96562;RS1;46100;PEP C 250 X12  ;1
96562;RS1;46100;PEP BLA X6 3L  ;1
96562;RS1;46100;GOL CAN X12 440;1
96562;RS1;46100;ROCK 300 ENE   ;1
105081;RS1;46100;AGUA 2000 PT X6;1
107094;RS1;46100;HUA PI 620 X12 ;1
107094;RS1;46100;PAC PI 620 X12 ;3
107094;RS1;46100;ROC BER 300    ;1
676613;RS1;46100;HUA PI 620 X12 ;7
676660;RS1;46100;PEP C 1 X12    ;1
676660;RS1;46100;PEP BLA X6 3L  ;1
676660;RS1;46100;PAC CAN X12 440;10
676660;RS1;46100;HUA CAN X12 269;1
677980;RS1;46100;HUA OW X24 300 ;2
678143;RS1;46100;PAC PI 620 X12 ;3
678143;RS1;46100;PEP C 2 X6     ;1
693387;RS1;46100;PEP C 3 X6     ;2
693387;RS1;46100;PEP C 250 X12  ;2
693387;RS1;46100;PAC CAN X12 440;1
869808;RS1;46100;PEP BLA 2L X6  ;1
869808;RS1;46100;PEP C 2 X6     ;1
869808;RS1;46100;SEV L 2L X6S   ;1
869808;RS1;46100;PEP BLA 2L X6  ;2
869808;RS1;46100;GAT MORA X6 400;4
884940;RS1;46100;HUA PI 620 X12 ;5
884940;RS1;46100;PAC PI 620 X12 ;5
884940;RS1;46100;BOC CAN X12 440;2
884940;RS1;46100;ROCK 300 ENE   ;6
884940;RS1;46100;ROC BER 300    ;2
889184;RS1;46100;PEP C 1 X12    ;1
889184;RS1;46100;PEP C 3 X6     ;2
894578;RS1;46100;HUA PI 620 X12 ;10
894578;RS1;46100;PAC CAN X12 440;1
896956;RS1;46100;PEP C 3 X6     ;2
896956;RS1;46100;MAL CAN X12 440;1
904810;RS1;46100;HUA PI 620 X12 ;7
904810;RS1;46100;PEP BLA X6 3L  ;1
905834;RS1;46100;PAC PI 620 X12 ;7
905834;RS1;46100;PAC CAN X12 440;5
905834;RS1;46100;HUA MIE X24 300;1
905834;RS1;46100;PAC PI 620 X12 ;1
906432;RS1;46100;COR EXT X24 330;8
911748;RS1;46100;PEP C 3 X6     ;6
911748;RS1;46100;PAC CAN X12 440;5
911748;RS1;46100;PAC CAN X12 440;1
917667;RS1;46100;MAL CAN X12 440;1
917667;RS1;46100;MAL M 620 X12  ;1
921370;RS1;46100;PAC CAN X12 440;5
921370;RS1;46100;MAL CAN X12 440;1
921370;RS1;46100;PEP C 3 X6     ;1
921370;RS1;46100;PAC PI 620 X12 ;2
40915;RS1;46100;HUA PI 620 X12 ;7
40915;RS1;46100;PAC CAN X12 440;6
40915;RS1;46100;PEP BLA X6 3L  ;1
40922;RS1;46100;PEP C 3 X6     ;1
40922;RS1;46100;PEP C 250 X12  ;1
40922;RS1;46100;MAL CAN X12 440;1
40922;RS1;46100;GOL CAN X12 440;3
40922;RS1;46100;PEP BLA X6 3L  ;1
40922;RS1;46100;HUA PI 620 X12 ;5
40922;RS1;46100;PAC CAN X12 440;5
40922;RS1;46100;BOC CAN X12 440;1
40923;RS1;46100;PEP C 3 X6     ;2
40923;RS1;46100;PEP C 250 X12  ;2
40969;RS1;46100;MAL M 620 X12  ;1
40969;RS1;46100;PEP C 3 X6     ;5
40969;RS1;46100;PAC PI 620 X12 ;3
40969;RS1;46100;PEP BLA X6 3L  ;3
40969;RS1;46100;PAC CAN X12 440;5
40969;RS1;46100;ROCK 300 ENE   ;1
43568;RS1;46100;SEV L 3L X6SF  ;1
43568;RS1;46100;MAL CAN X12 440;1
43568;RS1;46100;PAC X12 269 EVE;3
45014;RS1;46100;PEP C 3 X6     ;2
48980;RS1;46100;HUA PI 620 X12 ;5
68398;RS1;46100;AGUA 2000 PT X6;1
68398;RS1;46100;PAC 235 EVE NE ;5
68398;RS1;46100;ROC BER 300    ;1
68398;RS1;46100;PAC CAN X12 440;1
80841;RS1;46100;PEP C 2 X6     ;1
80841;RS1;46100;PEP C 3 X6     ;2
80841;RS1;46100;PAC PI 620 X12 ;3
80841;RS1;46100;HUA PI 620 X12 ;3
84102;RS1;46100;PEP C 3 X6     ;1
84102;RS1;46100;PEP BLA X6 3L  ;2
90460;RS1;46100;HUA PI 620 X12 ;1
90460;RS1;46100;PEP C 3 X6     ;1
90460;RS1;46100;SEV L 3L X6SF  ;1
96556;RS1;46100;HUA PI 620 X12 ;2
99419;RS1;46100;HUA PI 620 X12 ;5
99419;RS1;46100;HUA PI 620 X12 ;5
99419;RS1;46100;PAC CAN X12 440;5
99419;RS1;46100;HUA PI 620 X12 ;10
814474;RS1;46100;PEP C 1 X12    ;1
814474;RS1;46100;PEP BLA X12 1L ;1
814474;RS1;46100;MAL CAN X12 440;1
814474;RS1;46100;PEP C 2 X6     ;1
814474;RS1;46100;PEP BLA X6 3L  ;1
832573;RS1;46100;SEV L 3L X6SF  ;1
832573;RS1;46100;PAC CAN X12 440;1
835063;RS1;46100;MAL CAN X12 440;1
835239;RS1;46100;PEP C 3 X6     ;1
856613;RS1;46100;ANT G 2 X6     ;1
856613;RS1;46100;ORI POM 3L X6  ;1
887296;RS1;46100;HUA PI 620 X12 ;2
887296;RS1;46100;SEV L 3L X6SF  ;2
887296;RS1;46100;PAC PI 620 X12 ;2
895258;RS1;46100;AGUA 2000 PT X6;1
895258;RS1;46100;PEP C 250 X12  ;1
895258;RS1;46100;PAC CAN X12 440;1
895258;RS1;46100;HUA PI 620 X12 ;1
903612;RS1;46100;PEP C 3 X6     ;2
906997;RS1;46100;PEP C 3 X6     ;1
906997;RS1;46100;PAC CAN X12 440;3
907153;RS1;46100;PEP BLA X6 3L  ;2
907153;RS1;46100;BOC CAN X12 440;1
915193;RS1;46100;PEP C 3 X6     ;1
915193;RS1;46100;PEP BLA X6 3L  ;1
916094;RS1;46100;HUA OW X24 300 ;1
916094;RS1;46100;COR EXT X24 330;1
918190;RS1;46100;PEP C 3 X6     ;2
918190;RS1;46100;ROC BER 300    ;1
927392;RS1;46100;PAC CAN X12 440;2
929239;RS1;46100;HUA MIE X24 300;1
40639;SN4;46100;PEP C 1 X12    ;1
40639;SN4;46100;PEP C 2 X6     ;1
40639;SN4;46100;PEP C 3 X6     ;5
40639;SN4;46100;SEV L 2L X6S   ;1
40639;SN4;46100;PEP C 250 X12  ;5
40639;SN4;46100;PAC CAN X12 440;1
41144;SN4;46100;PEP C 3 X6     ;1
41147;SN4;46100;PEP C 3 X6     ;3
41149;SN4;46100;PEP C 3 X6     ;2
41149;SN4;46100;PEP BLA X6 3L  ;1
41157;SN4;46100;PAC PI 620 X12 ;3
41173;SN4;46100;PAC PI 620 X12 ;7
41227;SN4;46100;MAL CAN X12 440;1
41227;SN4;46100;HUA CAN X12 269;1
41227;SN4;46100;ROCK 300 ENE   ;1
41231;SN4;46100;PEP C 3 X6     ;3
41231;SN4;46100;PEP C 250 X12  ;1
41231;SN4;46100;PEP BLA X6 3L  ;1
41610;SN4;46100;PEP C 3 X6     ;2
43056;SN4;46100;HUA PI 620 X12 ;3
43056;SN4;46100;PAC PI 620 X12 ;7
43056;SN4;46100;BOC CAN X12 440;2
45298;SN4;46100;PEP C 3 X6     ;1
47891;SN4;46100;PEP C 1 X12    ;1
47891;SN4;46100;PEP C 3 X6     ;2
47891;SN4;46100;MAL CAN X12 440;1
69259;SN4;46100;PEP C 3 X6     ;1
72875;SN4;46100;PAC PI 620 X12 ;8
75399;SN4;46100;SEV L 2L X6S   ;1
75399;SN4;46100;PAC PI 620 X12 ;7
86285;SN4;46100;HUA PI 620 X12 ;2
86285;SN4;46100;PAC PI 620 X12 ;10
86285;SN4;46100;PEP C 3 X6     ;2
108556;SN4;46100;MAL M 620 X12  ;1
111965;SN4;46100;PAC PI 620 X12 ;2
144804;SN4;46100;PEP C 3 X6     ;10
869030;SN4;46100;HUA PI 620 X12 ;20
869030;SN4;46100;HUA PI 620 X12 ;100
896007;SN4;46100;PAC CAN X12 440;5
914803;SN4;46100;HUA MIE X24 300;1
919985;SN4;46100;HUA PI 620 X12 ;5
919985;SN4;46100;HUA PI 620 X12 ;5
921985;SN4;46100;MAL CAN X12 440;1
924041;SN4;46100;HUA PI 620 X12 ;5
924041;SN4;46100;MAL CAN X12 440;1
924041;SN4;46100;HUA PI 620 X12 ;7
924041;SN4;46100;PAC PI 620 X12 ;10
924041;SN4;46100;PEP C 3 X6     ;3
924041;SN4;46100;PAC CAN X12 440;5
924041;SN4;46100;HUA PI 620 X12 ;5
924616;SN4;46100;PEP C 2 X6     ;1
924616;SN4;46100;PAC PI 620 X12 ;1
924616;SN4;46100;MAL CAN X12 440;1
49022;SN9;46100;PEP C 3 X6     ;2
80286;SN9;46100;PEP C 3 X6     ;1
82863;SN9;46100;PEP C 3 X6     ;5
82863;SN9;46100;PEP BLA X6 3L  ;1
97385;SN9;46100;HUA PI 620 X12 ;1
97385;SN9;46100;SEV L 3L X6SF  ;1
99015;SN9;46100;HUA PI 620 X12 ;5
834707;SN9;46100;HUA PI 620 X12 ;10
834707;SN9;46100;HUA CAN X12 440;5
834716;SN9;46100;PEP C 3 X6     ;1
834716;SN9;46100;PAC CAN X12 440;1
834729;SN9;46100;PAC X12 330 EVE;80
834729;SN9;46100;PAC CAN X12 440;2
834729;SN9;46100;HUA PI 620 X12 ;1
834735;SN9;46100;HUA PI 620 X12 ;5
835258;SN9;46100;PEP C 1 X12    ;1
835258;SN9;46100;PAC PI 620 X12 ;2
848770;SN9;46100;GOL CAN X12 440;4
848770;SN9;46100;GOL 620 ENV    ;2
876962;SN9;46100;COR EXT X24 330;2
876962;SN9;46100;HUA PI 620 X12 ;3
876962;SN9;46100;7UP LIM 1LX12SF;1
876962;SN9;46100;PEP C 2 X6     ;2
876962;SN9;46100;PEP C 3 X6     ;5
876962;SN9;46100;PAC CAN X12 440;10
876962;SN9;46100;BOC CAN X12 440;2
876962;SN9;46100;GOL CAN X12 440;10
876962;SN9;46100;PAC 235 EVE NE ;2
878412;SN9;46100;HUA PI 620 X12 ;2
878412;SN9;46100;PEP C 3 X6     ;1
878412;SN9;46100;PAC PI 620 X12 ;3
878412;SN9;46100;PEP C 250 X12  ;2
878412;SN9;46100;PAC PI 620 X12 ;1
878412;SN9;46100;PEP C 250 X12  ;3
889470;SN9;46100;PEP C 3 X6     ;1
889470;SN9;46100;ORIM PAP 3L PET;1
889470;SN9;46100;PAC CAN X12 440;5
889470;SN9;46100;HUA PI 620 X12 ;2
890007;SN9;46100;PEP C 3 X6     ;1
890007;SN9;46100;PAC CAN X12 440;3
890007;SN9;46100;MAL CAN X12 440;1
897013;SN9;46100;HUA PI 620 X12 ;1
897013;SN9;46100;PAC PI 620 X12 ;4
897013;SN9;46100;PAC CAN X12 440;2
898258;SN9;46100;PEP C 3 X6     ;1
898258;SN9;46100;PEP C 250 X12  ;2
916334;SN9;46100;MAL M 620 X12  ;1
916334;SN9;46100;HUA PI 620 X12 ;5
916334;SN9;46100;HUA PI 620 X12 ;1
925757;SN9;46100;HUA PI 620 X12 ;3
926499;SN9;46100;HUA PI 620 X12 ;5
33113;S21;46100;MAL CAN X12 440;1
33113;S21;46100;PEP C 1 X12    ;2
33113;S21;46100;PEP BLA X6 3L  ;5
42849;S21;46100;PEP C 2 X6     ;1
42849;S21;46100;GOL CAN X12 440;2
77709;S21;46100;HUA PI 620 X12 ;5
78735;S21;46100;HUA PI 620 X12 ;1
78735;S21;46100;SEV L 3L X6SF  ;1
78735;S21;46100;PEP C 250 X12  ;1
92524;S21;46100;PEP C 250 X12  ;0,58
92524;S21;46100;PEP C 1 X12    ;1
92524;S21;46100;PEP C 250 X12  ;1
102438;S21;46100;MAL M 620 X12  ;1
102438;S21;46100;PAC CAN X12 440;5
102438;S21;46100;MAL CAN X12 440;1
111975;S21;46100;PAC CAN X12 440;6
111975;S21;46100;MAL CAN X12 440;1
848894;S21;46100;PEP C 3 X6     ;2
848894;S21;46100;SEV L 3L X6SF  ;1
848894;S21;46100;PAC CAN X12 440;5
848894;S21;46100;MAL CAN X12 440;1
848936;S21;46100;PEP C 2 X6     ;1
848936;S21;46100;PEP C 3 X6     ;4
848936;S21;46100;PEP C 250 X12  ;3
848936;S21;46100;ORI POM 3L X6  ;1
848936;S21;46100;PEP BLA X6 3L  ;1
848973;S21;46100;PEP C 3 X6     ;1
848973;S21;46100;PAC CAN X12 440;1
848973;S21;46100;ROCK 300 ENE   ;1
848973;S21;46100;PAC PI 620 X12 ;1
849044;S21;46100;HUA PI 620 X12 ;1
849044;S21;46100;GOL CAN X12 440;1
849044;S21;46100;PEP BLA X6 3L  ;1
849046;S21;46100;HUA PI 620 X12 ;7
849046;S21;46100;HUA PI 620 X12 ;1
849046;S21;46100;PEP C 2 X6     ;1
876943;S21;46100;PAC CAN X12 440;5
895628;S21;46100;PEP C 3 X6     ;5
895628;S21;46100;SEV L 3L X6SF  ;1
895628;S21;46100;PEP C 250 X12  ;2
895628;S21;46100;ORI POM 3L X6  ;1
895628;S21;46100;MAL CAN X12 440;1
895847;S21;46100;PAC CAN X12 440;2
898479;S21;46100;PEP C 2 X6     ;1
898479;S21;46100;PEP C 3 X6     ;2
898479;S21;46100;PAC PI 620 X12 ;4
898479;S21;46100;PEP BLA X6 3L  ;2
898479;S21;46100;ROCK 300 ENE   ;1
912547;S21;46100;HUA PI 620 X12 ;5
915151;S21;46100;ROCK 300 ENE   ;1
915151;S21;46100;PEP C 2 X6     ;1
915151;S21;46100;MAL CAN X12 440;1
916138;S21;46100;PEP C 1 X12    ;1
916154;S21;46100;PEP C 3 X6     ;4
916154;S21;46100;PEP C 250 X12  ;1
916154;S21;46100;HUA PI 620 X12 ;1
924765;S21;46100;PAC PI 620 X12 ;3
40644;S21;46100;HUA PI 620 X12 ;1
40644;S21;46100;PEP C 3 X6     ;1
40644;S21;46100;PAC PI 620 X12 ;2
40979;S21;46100;PEP C 3 X6     ;2
40980;S21;46100;PEP C 2 X6     ;1
40980;S21;46100;PEP C 3 X6     ;1
40983;S21;46100;PEP C 2 X6     ;1
40983;S21;46100;PEP C 3 X6     ;2
40983;S21;46100;BOC CAN X12 440;1
40998;S21;46100;PAC PI 620 X12 ;2
41007;S21;46100;HUA PI 620 X12 ;2
41007;S21;46100;PAC PI 620 X12 ;2
41007;S21;46100;PEP BLA X6 3L  ;1
41007;S21;46100;GOL CAN X12 440;1
41174;S21;46100;PEP C 2 X6     ;1
41174;S21;46100;ORIM PAP 3L PET;1
41174;S21;46100;MAL CAN X12 440;1
41223;S21;46100;PEP C 3 X6     ;1
41233;S21;46100;PEP C 3 X6     ;2
41233;S21;46100;ORI POM 3L X6  ;1
41233;S21;46100;MAL CAN X12 440;1
41240;S21;46100;AGU 500 PT X12 ;1
41240;S21;46100;MAL CAN X12 440;1
43369;S21;46100;PEP C 2 X6     ;1
43369;S21;46100;PEP C 3 X6     ;2
43369;S21;46100;PAC PI 620 X12 ;2
43369;S21;46100;PAC CAN X12 440;1
43373;S21;46100;HUA PI 620 X12 ;5
43373;S21;46100;PAC CAN X12 440;2
68662;S21;46100;PEP C 3 X6     ;1
68662;S21;46100;PEP BLA X6 3L  ;1
82382;S21;46100;PAC PI 620 X12 ;5
86379;S21;46100;HUA PI 620 X12 ;5
86379;S21;46100;PAC CAN X12 440;2
86379;S21;46100;BOC CAN X12 440;1
823297;S21;46100;HUA PI 620 X12 ;5
823297;S21;46100;PEP C 2 X6     ;1
823297;S21;46100;GOL CAN X12 440;2
823299;S21;46100;PAC CAN X12 440;1
823303;S21;46100;PEP C 3 X6     ;4
823303;S21;46100;SEV L 3L X6SF  ;1
887371;S21;46100;HUA PI 620 X12 ;5
897373;S21;46100;PEP C 3 X6     ;1
897373;S21;46100;SEV L 3L X6SF  ;1
897373;S21;46100;HUA PI 620 X12 ;1
906999;S21;46100;PAC CAN X12 440;1
906999;S21;46100;HUA MIE X24 300;1
906999;S21;46100;PAC X12 330 EVE;1
906999;S21;46100;GOL CAN X12 440;1
906999;S21;46100;SKGOLD269X12 BO;1
906999;S21;46100;PAC X12 269 EVE;1
916225;S21;46100;HUA CAN X12 440;5
918730;S21;46100;PEP C 2 X6     ;1
918730;S21;46100;PEP C 3 X6     ;1
918730;S21;46100;SEV L 3L X6SF  ;1
918730;S21;46100;MAL CAN X12 440;1
925032;S21;46100;HUA PI 620 X12 ;4
927781;S21;46100;PEP C 3 X6     ;3
927781;S21;46100;PEP C 2 X6     ;1
927781;S21;46100;BOC CAN X12 440;1
40675;S38;46100;PAC CAN X12 440;80
40675;S38;46100;PAC PI 620 X12 ;100
43180;S38;46100;PEP C 3 X6     ;1
43180;S38;46100;PEP BLA X6 3L  ;1
43180;S38;46100;PAC CAN X12 440;1
43180;S38;46100;MAL CAN X12 440;1
43180;S38;46100;PAC PI 620 X12 ;4
43769;S38;46100;PEP BLA X6 3L  ;1
43769;S38;46100;GOL CAN X12 440;2
47812;S38;46100;PEP C 3 X6     ;3
47812;S38;46100;SEV L 3L X6SF  ;1
48943;S38;46100;GOL CAN X12 440;1
48976;S38;46100;HUA PI 620 X12 ;1
48976;S38;46100;PAC PI 620 X12 ;7
48976;S38;46100;GOL CAN X12 440;3
48981;S38;46100;BOC CAN X12 440;2
48981;S38;46100;PAC PI 620 X12 ;5
48981;S38;46100;PAC CAN X12 440;5
51491;S38;46100;PEP C 3 X6     ;1
51491;S38;46100;SEV L 3L X6SF  ;1
51491;S38;46100;PAC PI 620 X12 ;2
51491;S38;46100;PAC CAN X12 440;2
51491;S38;46100;HUA PI 620 X12 ;2
82865;S38;46100;PAC PI 620 X12 ;20
84165;S38;46100;PAC CAN X12 440;0,08
84165;S38;46100;PAC CAN X12 440;0,08
84165;S38;46100;PAC CAN X12 440;7
84165;S38;46100;BOC CAN X12 440;2
84165;S38;46100;MAL CAN X12 440;1
84165;S38;46100;GOL CAN X12 440;2
96053;S38;46100;GOL CAN X12 440;5
96053;S38;46100;PAC PI 620 X12 ;1
96162;S38;46100;PAC CAN X12 440;80
96162;S38;46100;PAC X12 330 EVE;50
96162;S38;46100;HUA CAN X12 269;8
684283;S38;46100;HUA PI 620 X12 ;4
684283;S38;46100;PEP C 1 X12    ;1
684283;S38;46100;PEP C 2 X6     ;1
684283;S38;46100;PEP C 3 X6     ;3
684283;S38;46100;PEP C 250 X12  ;2
684283;S38;46100;PAC CAN X12 440;7
684283;S38;46100;HUA CAN X12 269;1
684283;S38;46100;PAC X12 330 EVE;2
690484;S38;46100;MAL M 620 X12  ;1
690484;S38;46100;PEP C 3 X6     ;2
690484;S38;46100;PEP BLA X6 3L  ;1
690484;S38;46100;PAC CAN X12 440;8
690484;S38;46100;MAL CAN X12 440;1
690594;S38;46100;PEP C 500 X12  ;1
690594;S38;46100;PEP C 2 X6     ;2
690594;S38;46100;SEV L 2L X6S   ;1
690594;S38;46100;PAC CAN X12 440;5
690594;S38;46100;MAL CAN X12 440;1
691621;S38;46100;HUA PI 620 X12 ;1
691621;S38;46100;HUA PI 620 X12 ;1
691622;S38;46100;PEP C 3 X6     ;1
691622;S38;46100;ORIM PAP 3L PET;1
691622;S38;46100;ORI POM 3L X6  ;1
691622;S38;46100;PAC CAN X12 440;6
691622;S38;46100;BOC CAN X12 440;2
691669;S38;46100;PAC PI 620 X12 ;10
691669;S38;46100;PEP C 3 X6     ;1
691669;S38;46100;SEV L 3L X6SF  ;1
691669;S38;46100;PAC PI 620 X12 ;2
832581;S38;46100;PEP C 3 X6     ;4
856603;S38;46100;HUA PI 620 X12 ;5
856603;S38;46100;PEP C 2 X6     ;2
856603;S38;46100;PAC CAN X12 440;20
856603;S38;46100;GOL CAN X12 440;2
876879;S38;46100;PAC CAN X12 440;30
876879;S38;46100;PAC CAN X12 440;60
876879;S38;46100;PAC CAN X12 440;30
876879;S38;46100;HUA CAN X12 269;1
876879;S38;46100;PAC CAN X12 440;12
876879;S38;46100;GOL CAN X12 440;9
880121;S38;46100;MAL CAN X12 440;1
880121;S38;46100;BOC CAN X12 440;2
880121;S38;46100;PEP C 3 X6     ;2
881479;S38;46100;PEP C 3 X6     ;1
883605;S38;46100;MAL CAN X12 440;1
883605;S38;46100;HUA PI 620 X12 ;7
883605;S38;46100;HUA OW X24 300 ;2
883605;S38;46100;HUA CAN X12 269;8
887654;S38;46100;PEP C 3 X6     ;1
887654;S38;46100;PAC PI 620 X12 ;3
892404;S38;46100;GOL CAN X12 440;6
894974;S38;46100;HUA PI 620 X12 ;10
894974;S38;46100;HUA MIE X24 300;1
895787;S38;46100;PEP C 3 X6     ;1
895787;S38;46100;PEP BLA X6 3L  ;1
895787;S38;46100;PAC CAN X12 440;2
895873;S38;46100;PAC PI 620 X12 ;10
896117;S38;46100;PAC CAN X12 440;15
897051;S38;46100;PAC CAN X12 440;60
897051;S38;46100;PAC CAN X12 440;60
897051;S38;46100;PAC CAN X12 440;40
897051;S38;46100;PAC CAN X12 440;80
897756;S38;46100;PAC PI 620 X12 ;4
897756;S38;46100;PAC CAN X12 440;5
902917;S38;46100;HUA PI 620 X12 ;2
902917;S38;46100;PEP C 3 X6     ;2
902917;S38;46100;PAC PI 620 X12 ;2
902917;S38;46100;PEP BLA X6 3L  ;2
902917;S38;46100;MAL CAN X12 440;1
902917;S38;46100;PAC X12 269 EVE;2
908666;S38;46100;BOT. 620 CC.   ;20
908666;S38;46100;CJA.PACE?A 620 ;20
908666;S38;46100;PEP C 2 X6     ;1
909320;S38;46100;HUA PI 620 X12 ;5
909320;S38;46100;PAC CAN X12 440;20
915158;S38;46100;PAC PI 620 X12 ;5
915158;S38;46100;PAC CAN X12 440;4
928349;S38;46100;PAC CAN X12 440;20
38966;S41;46100;PEP C 2 X6     ;2
38966;S41;46100;PEP C 3 X6     ;2
38966;S41;46100;SEV L 3L X6SF  ;1
38966;S41;46100;PEP C 250 X12  ;1
42760;S41;46100;PEP C 2 X6     ;3
42760;S41;46100;PEP C 3 X6     ;1
42760;S41;46100;SEV L 3L X6SF  ;1
42760;S41;46100;PEP C 250 X12  ;2
42760;S41;46100;PEP BLA X6 3L  ;1
42760;S41;46100;PAC CAN X12 440;5
42760;S41;46100;HUA PI 620 X12 ;1
49580;S41;46100;PEP C 3 X6     ;3
49580;S41;46100;PEP C 250 X12  ;1
82575;S41;46100;PEP C 3 X6     ;2
82575;S41;46100;SEV L 3L X6SF  ;1
82575;S41;46100;PEP BLA X6 3L  ;1
82575;S41;46100;HUA CAN X12 269;1
83210;S41;46100;PEP C 3 X6     ;1
87757;S41;46100;PAC PI 620 X12 ;2
92516;S41;46100;HUA PI 620 X12 ;2
92516;S41;46100;PAC PI 620 X12 ;7
92516;S41;46100;PAC CAN X12 440;5
848910;S41;46100;PEP C 1 X12    ;0,41
848922;S41;46100;PAC PI 620 X12 ;5
848922;S41;46100;PAC CAN X12 440;3
849080;S41;46100;PAC CAN X12 440;20
849086;S41;46100;PAC PI 620 X12 ;7
849086;S41;46100;PAC PI 620 X12 ;2
885768;S41;46100;HUA PI 620 X12 ;2
885768;S41;46100;PEP C 3 X6     ;1
885768;S41;46100;PAC PI 620 X12 ;13
895720;S41;46100;HUA PI 620 X12 ;1
896898;S41;46100;HUA PI 620 X12 ;1
908716;S41;46100;PEP C 3 X6     ;2
908716;S41;46100;SEV L 3L X6SF  ;1
908716;S41;46100;PAC PI 620 X12 ;1
908716;S41;46100;PAC CAN X12 440;1
916132;S41;46100;PEP C 3 X6     ;1
916132;S41;46100;PAC CAN X12 440;1
916132;S41;46100;MAL CAN X12 440;1
916132;S41;46100;GOL CAN X12 440;1
916132;S41;46100;PAC CAN X12 440;1
916132;S41;46100;SERV BEES FLEX ;1
917694;S41;46100;PEP C 2 X6     ;2
917694;S41;46100;PEP C 3 X6     ;1
926319;S41;46100;PEP BLA X6 3L  ;2
926319;S41;46100;COR EXT X24 330;1
926319;S41;46100;PEP C 2 X6     ;2
926319;S41;46100;PAC X12 330 EVE;1
39557;S41;46100;PEP C 2 X6     ;2
49003;S41;46100;MAL M 620 X12  ;1
49003;S41;46100;HUA PI 620 X12 ;2
68402;S41;46100;PEP C 3 X6     ;2
68402;S41;46100;SEV L 3L X6SF  ;1
68402;S41;46100;MAL CAN X12 440;1
69390;S41;46100;PEP C 3 X6     ;1
69390;S41;46100;MAL CAN X12 440;1
69390;S41;46100;PAC X12 269 EVE;1
69390;S41;46100;ROCK 300 ENE   ;1
73294;S41;46100;PEP C 250 X12  ;1
77023;S41;46100;PAC PI 620 X12 ;5
77023;S41;46100;PEP BLA X12 1L ;1
77023;S41;46100;GOL CAN X12 440;10
78166;S41;46100;PEP C 2 X6     ;1
78166;S41;46100;PEP C 3 X6     ;1
78166;S41;46100;PEP BLA X6 3L  ;1
79187;S41;46100;PEP BLA X6 3L  ;1
96939;S41;46100;HUA PI 620 X12 ;1
96939;S41;46100;PAC PI 620 X12 ;1
96939;S41;46100;PAC CAN X12 440;2
99131;S41;46100;ORI POM 3L X6  ;1
99131;S41;46100;PEP BLA X12 1L ;1
99131;S41;46100;PEP BLA X12 500;1
99131;S41;46100;MAL CAN X12 440;1
99131;S41;46100;ANT G 2 X6     ;1
99131;S41;46100;7UP LIM 1LX12SF;1
99131;S41;46100;PEP C 2 X6     ;1
99131;S41;46100;PEP C 3 X6     ;3
99131;S41;46100;SEV L 3L X6SF  ;1
99131;S41;46100;SEV L 2L X6S   ;1
99131;S41;46100;ORIM PAP 3L PET;1
99131;S41;46100;ANT 3000 PET X6;1
99131;S41;46100;PEP C 250 X12  ;1
99131;S41;46100;PEP BLA X6 3L  ;1
99131;S41;46100;ROCK 300 ENE   ;1
99135;S41;46100;PAC CAN X12 440;5
99135;S41;46100;BOC CAN X12 440;1
619058;S41;46100;PEP BLA 2L X6  ;1
619058;S41;46100;PEP C 2 X6     ;2
619058;S41;46100;SEV L 2L X6S   ;1
619058;S41;46100;PEP BLA 2L X6  ;6
619058;S41;46100;GAT MORA X6 400;6
684298;S41;46100;PEP C 3 X6     ;5
684298;S41;46100;GOL CAN X12 440;4
684298;S41;46100;ROCK 300 ENE   ;5
690573;S41;46100;PEP C 1 X12    ;2
690573;S41;46100;PEP C 3 X6     ;2
691681;S41;46100;PAC CAN X12 440;2
691681;S41;46100;GOL CAN X12 440;1
691717;S41;46100;BOC CAN X12 440;2
849194;S41;46100;7UP LIM 1LX12SF;1
849194;S41;46100;PEP C 2 X6     ;2
849194;S41;46100;SEV L 2L X6S   ;1
873228;S41;46100;PEP C 250 X12  ;10
907186;S41;46100;PEP C 250 X12  ;1
907186;S41;46100;ROCK 300 ENE   ;1
908791;S41;46100;PEP C 1 X12    ;1
908791;S41;46100;PEP BLA X12 1L ;1
912529;S41;46100;PEP C 3 X6     ;1
912529;S41;46100;PEP BLA X6 3L  ;1
912529;S41;46100;SERV BEES FLEX ;1
912529;S41;46100;PEP C 1 X12    ;1
913076;S41;46100;ROCK 300 ENE   ;1
923128;S41;46100;PEP C 2 X6     ;1
923128;S41;46100;PEP C 250 X12  ;5
925230;S41;46100;ANT G 500 X12  ;2
925230;S41;46100;PEP C 500 X12  ;2
925230;S41;46100;PEP BLA X12 1L ;2
925230;S41;46100;PEP BLA X12 500;1
925947;S41;46100;PEP C 3 X6     ;1
925947;S41;46100;PEP BLA X6 3L  ;1
925947;S41;46100;PAC CAN X12 440;2
925947;S41;46100;MAL CAN X12 440;1
928675;S41;46100;PEP C 1 X12    ;1
928675;S41;46100;PEP C 250 X12  ;6
928675;S41;46100;PEP BLA 2L X6  ;1
929708;S41;46100;PEP C 3 X6     ;1
32888;TM8;46100;PEP BLA X6 3L  ;1
35408;TM8;46100;HUA PI 620 X12 ;5
35408;TM8;46100;SEV L 3L X6SF  ;1
35408;TM8;46100;PAC PI 620 X12 ;4
35408;TM8;46100;PAC CAN X12 440;10
35408;TM8;46100;BOC CAN X12 440;1
35408;TM8;46100;MAL CAN X12 440;1
61297;TM8;46100;PEP C 1 X12    ;2
61297;TM8;46100;PEP C 3 X6     ;2
61297;TM8;46100;PEP BLA X12 1L ;1
61297;TM8;46100;PAC CAN X12 440;15
83145;TM8;46100;HUA OW X24 300 ;5
104815;TM8;46100;BOC CAN X12 440;1
104815;TM8;46100;HUA CAN X12 269;5
104815;TM8;46100;COR EXT X24 330;1
107350;TM8;46100;HUA OW X24 300 ;5
109834;TM8;46100;HUA PI 620 X12 ;5
109834;TM8;46100;PAC PI 620 X12 ;40
156650;TM8;46100;PAC CAN X12 440;6
156650;TM8;46100;BOC CAN X12 440;1
409237;TM8;46100;HUA OW X24 300 ;3
409237;TM8;46100;HUA OW X24 300 ;2
413695;TM8;46100;PAC PIL 50L x1 ;1
646375;TM8;46100;HUA OW X24 300 ;1
646375;TM8;46100;PAC PIL 20L BAR;1
646375;TM8;46100;HUA OW X24 300 ;1
676596;TM8;46100;BOC CAN X12 440;1
676596;TM8;46100;MAL CAN X12 440;1
676596;TM8;46100;ORIM PAP 3L PET;1
676596;TM8;46100;PEP C 250 X12  ;1
676596;TM8;46100;PAC CAN X12 440;2
676626;TM8;46100;HUA MIE X24 300;1
676639;TM8;46100;HUA MIE X24 300;1
693389;TM8;46100;HUA PI 620 X12 ;5
693389;TM8;46100;PEP C 3 X6     ;1
693389;TM8;46100;MAL CAN X12 440;1
800450;TM8;46100;HUA OW X24 300 ;15
800450;TM8;46100;PAC 235 EVE NE ;6
818651;TM8;46100;PAC X12 330 EVE;2
818651;TM8;46100;GOL CAN X12 440;5
818651;TM8;46100;PAC 235 EVE NE ;1
818651;TM8;46100;COR EXT X24 330;2
818651;TM8;46100;PEP C 1 X12    ;1
818651;TM8;46100;PEP C 2 X6     ;1
818651;TM8;46100;PEP C 3 X6     ;2
818651;TM8;46100;PAC PI 620 X12 ;2
818651;TM8;46100;PEP BLA 2L X6  ;1
818651;TM8;46100;PAC CAN X12 440;10
818651;TM8;46100;HUA OW X24 300 ;3
818651;TM8;46100;BOC CAN X12 440;2
847789;TM8;46100;HUA OW X24 300 ;8
856559;TM8;46100;PEP C 3 X6     ;1
856559;TM8;46100;PAC CAN X12 440;5
856559;TM8;46100;BOC CAN X12 440;1
856559;TM8;46100;PEP C 250 X12  ;1
856559;TM8;46100;PAC CAN X12 440;1
856559;TM8;46100;HUA PI 620 X12 ;2
867041;TM8;46100;HUA PI 620 X12 ;5
867041;TM8;46100;ANT G 500 X12  ;2
867041;TM8;46100;PEP BLA X12 1L ;1
867041;TM8;46100;GOL CAN X12 440;20
867041;TM8;46100;ANT G 2 X6     ;0,83
867041;TM8;46100;PEP BLA 2L X6  ;0,5
867041;TM8;46100;GOL CAN X12 440;0,08
867041;TM8;46100;PAC CAN X12 440;5
869588;TM8;46100;COR EXT X24 330;4
869716;TM8;46100;HUA OW X24 300 ;1
869716;TM8;46100;PEP C 250 X12  ;3
869960;TM8;46100;PAC PIL 50L x1 ;1
873772;TM8;46100;HUA OW X24 300 ;8
875529;TM8;46100;PAC PIL 50L x1 ;1
875529;TM8;46100;PEP C 250 X12  ;5
875529;TM8;46100;PAC PIL 50L x1 ;1
875529;TM8;46100;PEP BLA X12 500;4
875529;TM8;46100;HUA OW X24 300 ;2
876904;TM8;46100;SEV L 500CC    ;10
879898;TM8;46100;HUA OW X24 300 ;1
881332;TM8;46100;PEP C 3 X6     ;1
881332;TM8;46100;PEP BLA X6 3L  ;2
881332;TM8;46100;MAL CAN X12 440;1
882928;TM8;46100;HUA PI 620 X12 ;11
882928;TM8;46100;PAC CAN X12 440;5
882928;TM8;46100;HUA PI 620 X12 ;4
882928;TM8;46100;PAC CAN X12 440;1
883114;TM8;46100;PAC CAN X12 440;1
883114;TM8;46100;PAC CAN X12 440;1
890878;TM8;46100;PEP C 2 X6     ;1
890878;TM8;46100;PEP BLA X6 3L  ;2
891970;TM8;46100;PEP C 500 X12  ;5
891970;TM8;46100;PEP C 2 X6     ;1
891970;TM8;46100;SEV L 2L X6S   ;1
891970;TM8;46100;PEP BLA X12 500;5
891970;TM8;46100;PAC PIL 50L x1 ;4
891970;TM8;46100;HUA OW X24 300 ;1
893210;TM8;46100;PAC PIL 50L x1 ;1
893210;TM8;46100;HUA OW X24 300 ;2
905091;TM8;46100;HUA PI 620 X12 ;1
905091;TM8;46100;COR EXT X24 330;1
905396;TM8;46100;HUA OW X24 300 ;2
909448;TM8;46100;ANT G 500 X12  ;4
909448;TM8;46100;PAC PIL 20L BAR;1
909448;TM8;46100;SEV L 500CC    ;2
909448;TM8;46100;HUA OW X24 300 ;6
914278;TM8;46100;HUA OW X24 300 ;1
923652;TM8;46100;PEP C 2 X6     ;4
923652;TM8;46100;PEP BLA 2L X6  ;6
923652;TM8;46100;PEP BLA 2L X6  ;2
923652;TM8;46100;GAT MORA X6 400;40
928497;TM8;46100;HUA OW X24 300 ;2
41117;T01;46100;HUA PI 620 X12 ;7
41117;T01;46100;PAC CAN X12 440;2
41126;T01;46100;PEP C 2 X6     ;2
41126;T01;46100;PAC PI 620 X12 ;7
41126;T01;46100;PAC CAN X12 440;1
41126;T01;46100;GOL CAN X12 440;2
41126;T01;46100;HUA PI 620 X12 ;1
41141;T01;46100;HUA PI 620 X12 ;5
41141;T01;46100;PEP C 3 X6     ;1
41141;T01;46100;GOL CAN X12 440;5
43705;T01;46100;MAL CAN X12 440;1
69160;T01;46100;PEP C 2 X6     ;1
69160;T01;46100;PEP C 3 X6     ;2
69695;T01;46100;PEP C 3 X6     ;1
69695;T01;46100;ORI POM 3L X6  ;1
84405;T01;46100;HUA PI 620 X12 ;7
84405;T01;46100;PAC CAN X12 440;10
84405;T01;46100;PAC CAN X12 440;10
84405;T01;46100;HUA CAN X12 440;5
85446;T01;46100;PEP C 3 X6     ;3
85446;T01;46100;ORIM PAP 3L PET;1
85446;T01;46100;PEP C 250 X12  ;5
85446;T01;46100;MAL CAN X12 440;1
91042;T01;46100;PAC PI 620 X12 ;10
91042;T01;46100;GOL CAN X12 440;1
91117;T01;46100;HUA PI 620 X12 ;5
91117;T01;46100;PEP C 3 X6     ;2
91117;T01;46100;SEV L 2L X6S   ;1
91117;T01;46100;PAC PI 620 X12 ;4
91117;T01;46100;BOC CAN X12 440;2
91117;T01;46100;MAL CAN X12 440;1
91117;T01;46100;PEP C 2 X6     ;4
91117;T01;46100;SERV BEES FLEX ;1
93717;T01;46100;PEP C 2 X6     ;1
93717;T01;46100;PEP C 3 X6     ;3
93717;T01;46100;PEP BLA X6 3L  ;1
93717;T01;46100;MAL CAN X12 440;1
96977;T01;46100;HUA PI 620 X12 ;20
99993;T01;46100;HUA MIE X24 300;1
99993;T01;46100;PEP C 2 X6     ;4
99993;T01;46100;PAC PI 620 X12 ;20
99993;T01;46100;HUA CAN X12 269;6
99993;T01;46100;GOL CAN X12 440;4
99993;T01;46100;HUA PI 620 X12 ;5
99993;T01;46100;MAL CAN X12 440;1
156671;T01;46100;ROCK 300 ENE   ;1
156671;T01;46100;HUA PI 620 X12 ;2
156671;T01;46100;7UP LIM 1LX12SF;1
156671;T01;46100;PEP C 1 X12    ;1
156671;T01;46100;PEP C 2 X6     ;1
156671;T01;46100;SEV L 3L X6SF  ;4
156671;T01;46100;PAC PI 620 X12 ;1
156671;T01;46100;PEP C 250 X12  ;1
156671;T01;46100;PEP BLA X6 3L  ;4
156671;T01;46100;PEP BLA X12 1L ;2
156671;T01;46100;PEP BLA 2L X6  ;1
156671;T01;46100;PAC CAN X12 440;10
156671;T01;46100;HUA CAN X12 440;2
156671;T01;46100;HUA CAN X12 269;2
156671;T01;46100;GOL CAN X12 440;8
156671;T01;46100;PAC 235 EVE NE ;1
156671;T01;46100;COR EXT X24 330;1
676603;T01;46100;HUA MIE X24 300;1
676651;T01;46100;BOC CAN X12 440;2
678056;T01;46100;HUA PI 620 X12 ;3
678137;T01;46100;HUA PI 620 X12 ;5
678137;T01;46100;PEP C 3 X6     ;2
678137;T01;46100;PEP BLA X6 3L  ;3
678137;T01;46100;ROCK 300 ENE   ;1
831173;T01;46100;PEP C 3 X6     ;5
831173;T01;46100;PAC CAN X12 440;1
831173;T01;46100;HUA CAN X12 440;2
848665;T01;46100;PEP C 3 X6     ;2
848665;T01;46100;PEP C 250 X12  ;1
848665;T01;46100;PEP BLA X6 3L  ;1
848665;T01;46100;PAC CAN X12 440;2
848665;T01;46100;MAL CAN X12 440;1
848665;T01;46100;GOL CAN X12 440;2
848833;T01;46100;HUA PI 620 X12 ;10
848833;T01;46100;SEV L 3L X6SF  ;2
848833;T01;46100;PEP BLA X6 3L  ;5
848833;T01;46100;MAL CAN X12 440;1
848833;T01;46100;GOL CAN X12 440;2
848834;T01;46100;PEP C 3 X6     ;2
848865;T01;46100;PEP C 3 X6     ;9
848865;T01;46100;SEV L 3L X6SF  ;1
848865;T01;46100;MAL CAN X12 440;1
872565;T01;46100;PAC PIL 20L BAR;1
872565;T01;46100;PEP BLA X12 500;2
872565;T01;46100;COR EXT X24 330;4
872565;T01;46100;HUARI PIL 20L  ;2
872565;T01;46100;PEP BLA X12 500;3
872565;T01;46100;HUA OW X24 300 ;2
888882;T01;46100;SEV L 3L X6SF  ;1
888882;T01;46100;SEV L 2L X6S   ;1
888882;T01;46100;PAC PI 620 X12 ;10
888882;T01;46100;ORI POM 3L X6  ;1
888882;T01;46100;PAC CAN X12 440;6
888882;T01;46100;HUA PI 620 X12 ;5
894884;T01;46100;PAC CAN X12 440;5
894884;T01;46100;HUA CAN X12 269;2
894884;T01;46100;PEP C 250 X12  ;3
894911;T01;46100;PAC CAN X12 440;3
894911;T01;46100;GOL CAN X12 440;2
897142;T01;46100;PAC PI 620 X12 ;4
897328;T01;46100;PAC CAN X12 440;5
897675;T01;46100;HUA MIE X24 300;1
899520;T01;46100;PEP C 3 X6     ;2
899520;T01;46100;PEP C 250 X12  ;1
910639;T01;46100;ROC BER 300    ;2
910639;T01;46100;MAL M 620 X12  ;1
910639;T01;46100;ANT G 500 X12  ;1
910639;T01;46100;7UP LIM 1LX12SF;1
910639;T01;46100;PEP C 1 X12    ;1
910639;T01;46100;SEV L 2L X6S   ;1
910639;T01;46100;SEV L 500CC    ;1
910639;T01;46100;ORIM PAP 3L PET;1
910639;T01;46100;PEP C 250 X12  ;10
910639;T01;46100;PEP BLA X6 3L  ;2
910639;T01;46100;PEP BLA X12 1L ;2
910639;T01;46100;PEP BLA 2L X6  ;2
910639;T01;46100;PAC CAN X12 440;4
910639;T01;46100;MAL CAN X12 440;1
910639;T01;46100;HUA CAN X12 269;1
910639;T01;46100;PAC X12 330 EVE;3
910639;T01;46100;SKGOLD269X12 BO;2
910639;T01;46100;PAC X12 330 EVE;2
910639;T01;46100;PEP C 1 X12    ;2
910639;T01;46100;PEP C 250 X12  ;2
911163;T01;46100;MAL CAN X12 440;1
911163;T01;46100;PAC PI 620 X12 ;5
913485;T01;46100;HUA PI 620 X12 ;3
913485;T01;46100;PAC PI 620 X12 ;7
913485;T01;46100;PAC PI 620 X12 ;1
913807;T01;46100;HUA PI 620 X12 ;5
913807;T01;46100;PAC PI 620 X12 ;12
917756;T01;46100;PAC CAN X12 440;5
919913;T01;46100;HUA PI 620 X12 ;5
919913;T01;46100;PAC PI 620 X12 ;7
919913;T01;46100;AGUA 2000 PT X6;1
919913;T01;46100;PAC CAN X12 440;10
919913;T01;46100;BOC CAN X12 440;2
919913;T01;46100;BUD X12 269 EXP;1
919913;T01;46100;ROCK 300 ENE   ;1
919913;T01;46100;ROC BER 300    ;1
919913;T01;46100;HUA PI 620 X12 ;2
920116;T01;46100;PAC CAN X12 440;10
920116;T01;46100;MAL CAN X12 440;1
920116;T01;46100;HUA CAN X12 269;5
920116;T01;46100;PAC X12 269 EVE;5
920116;T01;46100;PAC CAN X12 440;10
921411;T01;46100;HUA MIE X24 300;1
921679;T01;46100;PEP C 3 X6     ;2
921842;T01;46100;HUA PI 620 X12 ;10
51385;T02;46100;PEP C 1 X12    ;1
51385;T02;46100;PAC PI 620 X12 ;2
51385;T02;46100;PEP BLA 2L X6  ;10
51385;T02;46100;MAL CAN X12 440;1
51385;T02;46100;PAC CAN X12 440;5
51385;T02;46100;PEP C 2 X6     ;12
51385;T02;46100;HUA CAN X12 269;5
76023;T02;46100;PEP C 2 X6     ;20
76023;T02;46100;PAC PI 620 X12 ;7
78589;T02;46100;PEP BLA X6 3L  ;0,16
82801;T02;46100;7UP LIM 1LX12SF;1
82801;T02;46100;PEP C 1 X12    ;3
82801;T02;46100;PEP C 2 X6     ;1
82801;T02;46100;PEP C 3 X6     ;2
82801;T02;46100;SEV L 500CC    ;2
82801;T02;46100;MAL CAN X12 440;1
95343;T02;46100;HUA PI 620 X12 ;3
95343;T02;46100;PAC PI 620 X12 ;4
95343;T02;46100;PEP C 1 X12    ;1
98643;T02;46100;HUA PI 620 X12 ;7
101418;T02;46100;PAC PI 620 X12 ;13
107776;T02;46100;HUA PI 620 X12 ;12
107776;T02;46100;HUA PI 620 X12 ;20
110418;T02;46100;MAL M 620 X12  ;1
808739;T02;46100;HUA PI 620 X12 ;5
808739;T02;46100;PAC CAN X12 440;5
808821;T02;46100;PAC CAN X12 440;60
809878;T02;46100;GOL 620 ENV    ;30
810360;T02;46100;HUA PI 620 X12 ;10
810360;T02;46100;PAC PI 620 X12 ;10
869008;T02;46100;HUA PI 620 X12 ;20
869008;T02;46100;HUA PI 620 X12 ;10
878398;T02;46100;PEP C 3 X6     ;3
887334;T02;46100;PAC PI 620 X12 ;14
892233;T02;46100;HUA PI 620 X12 ;20
892233;T02;46100;HUA PI 620 X12 ;130
892444;T02;46100;HUA PI 620 X12 ;3
893429;T02;46100;HUA PI 620 X12 ;20
893429;T02;46100;PAC PI 620 X12 ;1
910340;T02;46100;HUA PI 620 X12 ;20
910340;T02;46100;HUA PI 620 X12 ;10
913000;T02;46100;PAC PI 620 X12 ;50
913000;T02;46100;AGUA 2000 PT X6;10
913000;T02;46100;AGU 500 PT X12 ;5
913000;T02;46100;PEP C 2 X6     ;2
913000;T02;46100;PEP C 3 X6     ;2
916945;T02;46100;HUA MIE X24 300;1
916945;T02;46100;PAC CAN X12 440;5
916945;T02;46100;MAL CAN X12 440;1
923154;T02;46100;PAC PI 620 X12 ;4
923154;T02;46100;PAC PI 620 X12 ;1
923154;T02;46100;HUA PI 620 X12 ;5
923154;T02;46100;MAL CAN X12 440;1
928850;T02;46100;HUA PI 620 X12 ;5
38381;UF1;46100;PEP C 500 X12  ;1
38381;UF1;46100;PEP BLA X12 500;1
41324;UF1;46100;HUA PI 620 X12 ;5
41324;UF1;46100;PEP BLA X6 3L  ;1
68252;UF1;46100;PEP C 3 X6     ;3
68252;UF1;46100;PAC PI 620 X12 ;7
68252;UF1;46100;PEP C 250 X12  ;1
68252;UF1;46100;PEP BLA X6 3L  ;2
68252;UF1;46100;PAC CAN X12 440;1
68252;UF1;46100;BOC CAN X12 440;2
68252;UF1;46100;PAC CAN X12 440;2
104228;UF1;46100;PAC PI 620 X12 ;80
104228;UF1;46100;HUA PI 620 X12 ;10
574793;UF1;46100;HUA OW X24 300 ;3
593691;UF1;46100;PAC PIL 50L x1 ;1
593691;UF1;46100;HUA OW X24 300 ;3
604659;UF1;46100;PEP BLA 2L X6  ;2
604659;UF1;46100;PEP C 2 X6     ;2
604659;UF1;46100;SEV L 2L X6S   ;2
604659;UF1;46100;PEP BLA 2L X6  ;4
604659;UF1;46100;GAT MORA X6 400;20
604661;UF1;46100;PEP BLA 2L X6  ;2
604661;UF1;46100;SEV L 2L X6S   ;1
604661;UF1;46100;PEP BLA 2L X6  ;6
604661;UF1;46100;PEP C 2 X6     ;4
604661;UF1;46100;GAT MORA X6 400;24
621887;UF1;46100;PAC PIL 50L x1 ;1
621887;UF1;46100;PEP BLA X12 500;6
621887;UF1;46100;HUA OW X24 300 ;7
677736;UF1;46100;ANT G 2 X6     ;1
677736;UF1;46100;PEP C 1 X12    ;1
677736;UF1;46100;SEV L 3L X6SF  ;1
677736;UF1;46100;SEV L 2L X6S   ;1
677736;UF1;46100;PEP BLA 2L X6  ;1
677736;UF1;46100;PAC CAN X12 440;5
677736;UF1;46100;PAC CAN X12 440;1
691586;UF1;46100;PEP C 3 X6     ;2
691586;UF1;46100;PEP BLA X6 3L  ;2
691755;UF1;46100;PAC PI 620 X12 ;12
691755;UF1;46100;PEP BLA X12 500;5
819243;UF1;46100;HUA PI 620 X12 ;1
819243;UF1;46100;ANT G 2 X6     ;1
819243;UF1;46100;7UP LIM 1LX12SF;1
819243;UF1;46100;PEP C 1 X12    ;1
819243;UF1;46100;HUA OW X24 300 ;1
819243;UF1;46100;PEP C 2 X6     ;1
827524;UF1;46100;HUA OW X24 300 ;3
848800;UF1;46100;PAC X12 330 EVE;3
853226;UF1;46100;PAC CAN X12 440;5
853226;UF1;46100;COR EXT X24 330;1
866583;UF1;46100;HUA OW X24 300 ;1
866770;UF1;46100;HUA PI 620 X12 ;6
866770;UF1;46100;PAC PI 620 X12 ;5
867838;UF1;46100;ANT G 500 X12  ;1
867838;UF1;46100;ANT G 2 X6     ;1
867838;UF1;46100;PEP C 500 X12  ;1
867838;UF1;46100;PEP C 1 X12    ;1
867838;UF1;46100;SEV L 500CC    ;1
867838;UF1;46100;PEP BLA X12 1L ;1
869884;UF1;46100;HUA OW X24 300 ;2
869884;UF1;46100;COR EXT X24 330;1
869896;UF1;46100;HUA OW X24 300 ;6
869993;UF1;46100;COR EXT X24 330;9
869993;UF1;46100;PAC X12 269 EVE;8
869995;UF1;46100;HUA OW X24 300 ;2
869995;UF1;46100;HUA OW X24 300 ;3
885633;UF1;46100;PEP C 1 X12    ;2
885633;UF1;46100;PEP BLA X12 1L ;2
885633;UF1;46100;MAL CAN X12 440;1
889284;UF1;46100;PEP BLA X12 500;55
892419;UF1;46100;COR EXT X24 330;8
892533;UF1;46100;HUA PI 620 X12 ;10
893685;UF1;46100;HUA OW X24 300 ;3
895188;UF1;46100;AGUA 2000 PT X6;2
895188;UF1;46100;AGU 500 PT X12 ;4
896398;UF1;46100;PEP C 500 X12  ;1
896471;UF1;46100;HUA PI 620 X12 ;2
896471;UF1;46100;PAC PI 620 X12 ;5
896471;UF1;46100;PAC CAN X12 440;5
896471;UF1;46100;HUA CAN X12 440;2
896481;UF1;46100;HUA OW X24 300 ;8
896511;UF1;46100;HUA OW X24 300 ;1
902537;UF1;46100;HUA PI 620 X12 ;2
902537;UF1;46100;PAC CAN X12 440;6
902537;UF1;46100;BOC CAN X12 440;1
902537;UF1;46100;MAL CAN X12 440;1
902537;UF1;46100;HUA CAN X12 269;2
902537;UF1;46100;PEP BLA X6 3L  ;2
909064;UF1;46100;PEP C 1 X12    ;1
909064;UF1;46100;PAC CAN X12 440;1
917564;UF1;46100;HUA PI 620 X12 ;20
919831;UF1;46100;ROC BER 300    ;1
919831;UF1;46100;MAL M 620 X12  ;1
919831;UF1;46100;ANT G 500 X12  ;1
919831;UF1;46100;7UP LIM 1LX12SF;1
919831;UF1;46100;PEP C 500 X12  ;1
919831;UF1;46100;PEP C 1 X12    ;1
919831;UF1;46100;PEP C 2 X6     ;1
919831;UF1;46100;PEP C 3 X6     ;3
919831;UF1;46100;SEV L 3L X6SF  ;3
919831;UF1;46100;SEV L 2L X6S   ;2
919831;UF1;46100;SEV L 500CC    ;1
919831;UF1;46100;ANT 3000 PET X6;2
919831;UF1;46100;PEP C 250 X12  ;10
919831;UF1;46100;BUD OW X24 330 ;1
919831;UF1;46100;ORI POM 3L X6  ;1
919831;UF1;46100;PEP BLA X6 3L  ;4
919831;UF1;46100;PEP BLA X12 1L ;1
919831;UF1;46100;GATO FR X6 400 ;3
919831;UF1;46100;PEP BLA 2L X6  ;1
919831;UF1;46100;PAC CAN X12 440;4
919831;UF1;46100;HUA OW X24 300 ;1
919831;UF1;46100;MAL CAN X12 440;1
919831;UF1;46100;HUA CAN X12 269;2
919831;UF1;46100;GOL CAN X12 440;2
919831;UF1;46100;PAC X12 269 EVE;2
919831;UF1;46100;PAC CAN X12 440;3
919831;UF1;46100;PAC X12 330 EVE;8
921852;UF1;46100;HUA OW X24 300 ;4
928927;UF1;46100;PEP C 2 X6     ;1
928927;UF1;46100;PEP C 3 X6     ;1
928927;UF1;46100;PAC CAN X12 440;5
39110;UF3;46100;PAC CAN X12 440;3
39110;UF3;46100;MAL CAN X12 440;1
39289;UF3;46100;GOL CAN X12 440;20
44599;UF3;46100;PEP C 250 X12  ;5
48990;UF3;46100;HUA MIE X24 300;1
48990;UF3;46100;MAL CAN X12 440;1
76018;UF3;46100;PAC CAN X12 440;5
76018;UF3;46100;HUA MIE X24 300;1
78640;UF3;46100;HUA OW X24 300 ;2
78640;UF3;46100;MAL CAN X12 440;1
78640;UF3;46100;PAC CAN X12 440;20
79189;UF3;46100;SEV L 3L X6SF  ;4
79189;UF3;46100;BOC CAN X12 440;2
79189;UF3;46100;PEP C 3 X6     ;2
79189;UF3;46100;MAL CAN X12 440;1
79649;UF3;46100;PEP C 1 X12    ;2
79649;UF3;46100;PAC CAN X12 440;6
79649;UF3;46100;MAL CAN X12 440;1
79649;UF3;46100;GOL CAN X12 440;1
85186;UF3;46100;HUA OW X24 300 ;1
85186;UF3;46100;HUA MIE X24 300;1
85186;UF3;46100;MAL CAN X12 440;1
87158;UF3;46100;HUA CAN X12 269;5
89867;UF3;46100;MAL CAN X12 440;1
89868;UF3;46100;MAL M 620 X12  ;1
89868;UF3;46100;PEP C 1 X12    ;2
89868;UF3;46100;PEP BLA X6 3L  ;1
92391;UF3;46100;PAC CAN X12 440;4
95977;UF3;46100;PEP BLA X6 3L  ;1
95977;UF3;46100;PAC CAN X12 440;5
107138;UF3;46100;PEP C 250 X12  ;20
107138;UF3;46100;PAC X12 269 EVE;10
111180;UF3;46100;PEP C 1 X12    ;2
111180;UF3;46100;PEP C 3 X6     ;10
111180;UF3;46100;PEP C 250 X12  ;2
111180;UF3;46100;PEP BLA X12 1L ;1
808776;UF3;46100;HUA MIE X24 300;1
808776;UF3;46100;PEP C 250 X12  ;5
808776;UF3;46100;MAL CAN X12 440;1
808776;UF3;46100;HUA CAN X12 440;1
808776;UF3;46100;HUA CAN X12 269;2
808776;UF3;46100;HUA CAN X12 269;5
809848;UF3;46100;HUA PI 620 X12 ;80
809848;UF3;46100;PAC PI 620 X12 ;60
809848;UF3;46100;SEV L 3L X6SF  ;10
810751;UF3;46100;MAL CAN X12 440;1
810751;UF3;46100;PAC CAN X12 440;5
810751;UF3;46100;PAC X12 269 EVE;2
811202;UF3;46100;PAC CAN X12 440;20
811202;UF3;46100;BOC CAN X12 440;2
811202;UF3;46100;MAL CAN X12 440;1
811223;UF3;46100;PAC PI 620 X12 ;3
811223;UF3;46100;GOL CAN X12 440;4
811223;UF3;46100;HUA CAN X12 440;5
811234;UF3;46100;PEP C 2 X6     ;20
811234;UF3;46100;MAL CAN X12 440;1
825487;UF3;46100;PEP C 250 X12  ;1
825487;UF3;46100;MAL CAN X12 440;1
825487;UF3;46100;PEP C 250 X12  ;15
830649;UF3;46100;SKGOLD269X12 BO;20
832777;UF3;46100;HUA PI 620 X12 ;50
835769;UF3;46100;HUA PI 620 X12 ;2
836597;UF3;46100;PAC CAN X12 440;100
876901;UF3;46100;HUA MIE X24 300;1
876901;UF3;46100;HUA PI 620 X12 ;1
876901;UF3;46100;HUA PI 620 X12 ;4
876901;UF3;46100;MAL CAN X12 440;1
876901;UF3;46100;BOC CAN X12 440;2
880047;UF3;46100;PAC CAN X12 440;0,08
880047;UF3;46100;PAC CAN X12 440;10
880047;UF3;46100;PAC CAN X12 440;8
881508;UF3;46100;PEP C 3 X6     ;2
892313;UF3;46100;HUA PI 620 X12 ;2
898100;UF3;46100;HUA PI 620 X12 ;4
898100;UF3;46100;PAC PI 620 X12 ;6
898100;UF3;46100;COR EXT X24 330;1
906185;UF3;46100;PEP C 2 X6     ;5
906185;UF3;46100;PAC CAN X12 440;7
908683;UF3;46100;BOC CAN X12 440;2
908683;UF3;46100;HUA MIE X24 300;1
910978;UF3;46100;SEV L 2L X6S   ;2
910978;UF3;46100;BOC CAN X12 440;2
910978;UF3;46100;MAL CAN X12 440;1
910980;UF3;46100;PEP C 1 X12    ;1
910980;UF3;46100;PEP C 250 X12  ;5
910980;UF3;46100;PEP BLA X12 1L ;1
910980;UF3;46100;ROCK 300 ENE   ;1
910980;UF3;46100;PEP C 1 X12    ;1
912680;UF3;46100;HUA PI 620 X12 ;10
912680;UF3;46100;GOL 620 ENV    ;7
913866;UF3;46100;HUA MIE X24 300;1
913866;UF3;46100;PEP C 250 X12  ;5
913866;UF3;46100;MAL CAN X12 440;1
914110;UF3;46100;HUA MIE X24 300;1
914676;UF3;46100;PAC CAN X12 440;1
914676;UF3;46100;HUA MIE X24 300;1
914807;UF3;46100;SEV L 2L X6S   ;5
914807;UF3;46100;PAC CAN X12 440;5
914807;UF3;46100;MAL CAN X12 440;1
914807;UF3;46100;PEP C 250 X12  ;5
915453;UF3;46100;PEP C 3 X6     ;5
915453;UF3;46100;PAC PI 620 X12 ;10
915453;UF3;46100;PAC CAN X12 440;25
917891;UF3;46100;HUA PI 620 X12 ;10
918399;UF3;46100;HUA MIE X24 300;1
920224;UF3;46100;PEP C 2 X6     ;2
920224;UF3;46100;SERV BEES FLEX ;1
921573;UF3;46100;BOC CAN X12 440;2
921573;UF3;46100;HUA MIE X24 300;1
921573;UF3;46100;HUA CAN X12 269;2
921573;UF3;46100;MAL CAN X12 440;1
923660;UF3;46100;MAL CAN X12 440;1
923755;UF3;46100;MAL CAN X12 440;1
924442;UF3;46100;PAC CAN X12 440;2
924442;UF3;46100;GOL CAN X12 440;1
925998;UF3;46100;MAL CAN X12 440;1
925998;UF3;46100;HUA CAN X12 269;4
925998;UF3;46100;PEP C 2 X6     ;4
925998;UF3;46100;PAC CAN X12 440;6
34890;UF5;46100;PEP C 3 X6     ;2
34890;UF5;46100;SEV L 3L X6SF  ;1
35458;UF5;46100;PEP C 3 X6     ;3
35458;UF5;46100;PAC CAN X12 440;5
40731;UF5;46100;PEP C 3 X6     ;2
40731;UF5;46100;SEV L 3L X6SF  ;1
40731;UF5;46100;PEP BLA X6 3L  ;1
43008;UF5;46100;HUA PI 620 X12 ;2
43008;UF5;46100;PEP C 3 X6     ;3
43008;UF5;46100;SEV L 3L X6SF  ;1
43008;UF5;46100;PAC PI 620 X12 ;2
43008;UF5;46100;PAC CAN X12 440;2
43008;UF5;46100;BOC CAN X12 440;2
43496;UF5;46100;PEP C 2 X6     ;2
43496;UF5;46100;PAC PI 620 X12 ;4
43841;UF5;46100;PEP C 2 X6     ;1
43841;UF5;46100;PEP C 3 X6     ;1
43841;UF5;46100;HUA PI 620 X12 ;5
71396;UF5;46100;PEP C 3 X6     ;4
83880;UF5;46100;HUA PI 620 X12 ;10
84754;UF5;46100;PEP C 3 X6     ;1
84757;UF5;46100;HUA PI 620 X12 ;2
84757;UF5;46100;PAC PI 620 X12 ;2
84757;UF5;46100;PAC CAN X12 440;1
84757;UF5;46100;HUA PI 620 X12 ;1
86775;UF5;46100;HUA PI 620 X12 ;7
86775;UF5;46100;PEP C 3 X6     ;2
86775;UF5;46100;PAC CAN X12 440;3
98205;UF5;46100;HUA OW X24 300 ;13
103918;UF5;46100;PAC PI 620 X12 ;2
103918;UF5;46100;BOC CAN X12 440;1
142421;UF5;46100;HUA PI 620 X12 ;5
142421;UF5;46100;PEP BLA X6 3L  ;1
142421;UF5;46100;PAC CAN X12 440;5
143193;UF5;46100;BOT. HUARI 620 ;10
143193;UF5;46100;HUA PI 620 X12 ;10
684223;UF5;46100;PAC CAN X12 440;5
684326;UF5;46100;PAC CAN X12 440;5
684326;UF5;46100;BOC CAN X12 440;1
684326;UF5;46100;COR EXT X24 330;1
690165;UF5;46100;PEP C 3 X6     ;1
690165;UF5;46100;SEV L 3L X6SF  ;1
691232;UF5;46100;PAC CAN X12 440;5
691446;UF5;46100;PEP C 2 X6     ;2
691446;UF5;46100;PEP C 3 X6     ;1
691446;UF5;46100;PEP C 250 X12  ;1
691446;UF5;46100;PEP BLA X6 3L  ;3
691446;UF5;46100;PEP C 1 X12    ;1
827242;UF5;46100;BARRIL VAC 20LT;3
827242;UF5;46100;PAC PIL 50L x1 ;6
831093;UF5;46100;PEP C 1 X12    ;1
831093;UF5;46100;PAC CAN X12 440;5
877035;UF5;46100;PAC 235 EVE NE ;1
878519;UF5;46100;HUA PI 620 X12 ;2
878640;UF5;46100;HUA PI 620 X12 ;20
878640;UF5;46100;PAC PI 620 X12 ;20
879330;UF5;46100;PEP C 3 X6     ;1
879330;UF5;46100;PAC CAN X12 440;6
879330;UF5;46100;BOC CAN X12 440;2
879853;UF5;46100;PEP C 250 X12  ;1
888869;UF5;46100;HUA PI 620 X12 ;1
888869;UF5;46100;PAC PI 620 X12 ;1
893593;UF5;46100;PEP C 250 X12  ;100
893593;UF5;46100;PEP C 2 X6     ;30
893996;UF5;46100;PEP C 3 X6     ;1
893996;UF5;46100;PEP BLA X6 3L  ;1
893996;UF5;46100;GAT MORA X6 400;1
893996;UF5;46100;PAC CAN X12 440;3
894172;UF5;46100;GOL 620 ENV    ;7
895384;UF5;46100;HUA PI 620 X12 ;3
895384;UF5;46100;PEP BLA X6 3L  ;2
895384;UF5;46100;SEV L 3L X6SF  ;1
896203;UF5;46100;HUA OW X24 300 ;2
900718;UF5;46100;HUA PI 620 X12 ;1
900718;UF5;46100;PAC PI 620 X12 ;1
900718;UF5;46100;PAC CAN X12 440;5
900718;UF5;46100;MAL CAN X12 440;1
900718;UF5;46100;PEP C 1 X12    ;1
900718;UF5;46100;PEP C 2 X6     ;2
904247;UF5;46100;HUA PI 620 X12 ;5
904247;UF5;46100;PEP C 3 X6     ;2
908194;UF5;46100;HUA PI 620 X12 ;5
908194;UF5;46100;PEP C 1 X12    ;1
908194;UF5;46100;PAC PI 620 X12 ;3
908194;UF5;46100;PEP BLA X12 1L ;1
914649;UF5;46100;MAL M 620 X12  ;1
920822;UF5;46100;HUA PI 620 X12 ;2
920822;UF5;46100;PEP C 3 X6     ;2
920822;UF5;46100;PAC PI 620 X12 ;2
921982;UF5;46100;PEP C 2 X6     ;1
921982;UF5;46100;PEP C 3 X6     ;1
921982;UF5;46100;PEP C 250 X12  ;1
921982;UF5;46100;PEP C 2 X6     ;2
921982;UF5;46100;PEP C 3 X6     ;1
921982;UF5;46100;PEP BLA X6 3L  ;1
925818;UF5;46100;MAL M 620 X12  ;1
925818;UF5;46100;HUA PI 620 X12 ;5
925818;UF5;46100;PAC PI 620 X12 ;3
925818;UF5;46100;PAC CAN X12 440;10
925818;UF5;46100;BOC CAN X12 440;1
925818;UF5;46100;MAL CAN X12 440;1
927714;UF5;46100;PEP C 1 X12    ;1
927714;UF5;46100;PEP C 2 X6     ;2
927714;UF5;46100;PEP C 3 X6     ;2
927714;UF5;46100;SEV L 3L X6SF  ;1
927714;UF5;46100;PEP C 250 X12  ;2
927714;UF5;46100;PEP BLA X6 3L  ;1
927714;UF5;46100;PAC CAN X12 440;5
927872;UF5;46100;MAL CAN X12 440;1
929068;UF5;46100;PEP C 3 X6     ;1
929068;UF5;46100;MAL CAN X12 440;1
929236;UF5;46100;PEP C 2 X6     ;2
929236;UF5;46100;PEP C 3 X6     ;3
929236;UF5;46100;ORIM PAP 3L PET;1
929236;UF5;46100;BOC CAN X12 440;1
36021;UM1;46100;PEP C 3 X6     ;3
36021;UM1;46100;PEP C 250 X12  ;1
37386;UM1;46100;PEP C 1 X12    ;2
37386;UM1;46100;PEP BLA X6 3L  ;2
37386;UM1;46100;PEP BLA X12 1L ;2
37386;UM1;46100;GOL CAN X12 440;8
37386;UM1;46100;ROCK 300 ENE   ;1
37386;UM1;46100;ROC BER 300    ;1
39252;UM1;46100;PAC PI 620 X12 ;2
42531;UM1;46100;PEP C 3 X6     ;1
42531;UM1;46100;SEV L 3L X6SF  ;1
42531;UM1;46100;HUA PI 620 X12 ;1
619973;UM1;46100;HUA OW X24 300 ;3
684268;UM1;46100;PEP C 3 X6     ;1
684268;UM1;46100;PEP C 2 X6     ;1
692875;UM1;46100;PEP C 3 X6     ;2
692875;UM1;46100;PAC PI 620 X12 ;1
692875;UM1;46100;PEP BLA X6 3L  ;1
692875;UM1;46100;ROCK 300 ENE   ;1
692875;UM1;46100;HUA PI 620 X12 ;2
827526;UM1;46100;PEP C 3 X6     ;3
827526;UM1;46100;SEV L 3L X6SF  ;2
827526;UM1;46100;PEP BLA X6 3L  ;5
827526;UM1;46100;PAC CAN X12 440;5
827526;UM1;46100;GOL CAN X12 440;6
870031;UM1;46100;COR EXT X24 330;4
870031;UM1;46100;ROCK 300 ENE   ;1
870031;UM1;46100;ROC BER 300    ;1
870031;UM1;46100;7UP LIM 1LX12SF;2
870031;UM1;46100;PEP C 1 X12    ;1
870031;UM1;46100;PEP C 2 X6     ;2
870031;UM1;46100;PEP C 3 X6     ;6
870031;UM1;46100;SEV L 3L X6SF  ;5
870031;UM1;46100;PEP BLA X6 3L  ;2
870031;UM1;46100;PAC CAN X12 440;15
870031;UM1;46100;GOL CAN X12 440;15
886866;UM1;46100;HUA MIE X24 300;1
886866;UM1;46100;PEP C 1 X12    ;1
886866;UM1;46100;PEP C 2 X6     ;1
886866;UM1;46100;PEP C 3 X6     ;1
886866;UM1;46100;PEP C 250 X12  ;1
886866;UM1;46100;PEP BLA X12 1L ;1
886866;UM1;46100;PEP BLA 2L X6  ;1
886866;UM1;46100;PAC CAN X12 440;10
886866;UM1;46100;BOC CAN X12 440;2
886866;UM1;46100;HUA PI 620 X12 ;4
887578;UM1;46100;GOL CAN X12 440;6
896667;UM1;46100;HUA PI 620 X12 ;3
896667;UM1;46100;PEP C 3 X6     ;2
896667;UM1;46100;PAC PI 620 X12 ;3
896667;UM1;46100;PEP BLA X6 3L  ;2
896667;UM1;46100;MAL CAN X12 440;1
896837;UM1;46100;PAC X12 330 EVE;2
896837;UM1;46100;GOL CAN X12 440;6
896837;UM1;46100;COR EXT X24 330;2
896837;UM1;46100;HUA PI 620 X12 ;3
896837;UM1;46100;7UP LIM 1LX12SF;1
896837;UM1;46100;PEP C 2 X6     ;1
896837;UM1;46100;PEP C 3 X6     ;3
896837;UM1;46100;SEV L 3L X6SF  ;2
896837;UM1;46100;PAC PI 620 X12 ;5
896837;UM1;46100;PAC CAN X12 440;7
896837;UM1;46100;BOC CAN X12 440;2
898936;UM1;46100;HUA PI 620 X12 ;2
898936;UM1;46100;GOL CAN X12 440;1
898936;UM1;46100;ROC BER 300    ;1
911867;UM1;46100;HUA OW X24 300 ;1
911889;UM1;46100;MAL M 620 X12  ;1
911889;UM1;46100;PAC PI 620 X12 ;1
911889;UM1;46100;PAC CAN X12 440;1
911889;UM1;46100;MAL CAN X12 440;1
923100;UM1;46100;HUA PI 620 X12 ;1
33629;UM1;46100;PEP C 3 X6     ;1
33629;UM1;46100;PAC PI 620 X12 ;1
42049;UM1;46100;GOL CAN X12 440;15
74730;UM1;46100;PAC CAN X12 440;5
75433;UM1;46100;PEP C 3 X6     ;2
75841;UM1;46100;HUA PI 620 X12 ;5
75841;UM1;46100;PAC CAN X12 440;5
82762;UM1;46100;PEP C 2 X6     ;1
82762;UM1;46100;PEP C 3 X6     ;1
84583;UM1;46100;PEP C 1 X12    ;1
84583;UM1;46100;PEP C 3 X6     ;4
84583;UM1;46100;SEV L 3L X6SF  ;1
84583;UM1;46100;PEP BLA X6 3L  ;1
84583;UM1;46100;COR EXT X24 330;1
97465;UM1;46100;PEP C 3 X6     ;1
97465;UM1;46100;PEP C 250 X12  ;1
97465;UM1;46100;GOL CAN X12 440;2
99255;UM1;46100;HUA PI 620 X12 ;1
99255;UM1;46100;PAC PI 620 X12 ;4
99255;UM1;46100;PAC CAN X12 440;2
99255;UM1;46100;HUA PI 620 X12 ;1
106504;UM1;46100;PAC PI 620 X12 ;7
106504;UM1;46100;PAC CAN X12 440;6
677911;UM1;46100;HUA PI 620 X12 ;1
677911;UM1;46100;PEP C 3 X6     ;1
677975;UM1;46100;HUA PI 620 X12 ;2
677975;UM1;46100;PEP C 3 X6     ;1
677975;UM1;46100;PAC PI 620 X12 ;1
677975;UM1;46100;PAC 235 EVE NE ;1
678065;UM1;46100;PEP C 250 X12  ;10
678072;UM1;46100;PAC CAN X12 440;10
678142;UM1;46100;PEP C 3 X6     ;1
678142;UM1;46100;PEP C 250 X12  ;1
678142;UM1;46100;GOL CAN X12 440;1
678142;UM1;46100;PEP C 3 X6     ;1
678142;UM1;46100;ORIM PAP 3L PET;1
851739;UM1;46100;PEP C 1 X12    ;1
851739;UM1;46100;BOC CAN X12 440;1
851739;UM1;46100;GOL CAN X12 440;1
851739;UM1;46100;HUA PI 620 X12 ;1
873922;UM1;46100;BOT. 620 CC.   ;20
873922;UM1;46100;CJA.PACE?A 620 ;20
873922;UM1;46100;CAJA PLASTICA C;20
875391;UM1;46100;ORIM PAP 3L PET;2
875391;UM1;46100;PAC PI 620 X12 ;6
892304;UM1;46100;HUA PI 620 X12 ;3
892304;UM1;46100;PAC CAN X12 440;3
892304;UM1;46100;BOC CAN X12 440;2
892304;UM1;46100;MAL CAN X12 440;1
893989;UM1;46100;PEP C 3 X6     ;1
893989;UM1;46100;PAC PI 620 X12 ;1
893989;UM1;46100;PAC CAN X12 440;1
893989;UM1;46100;MAL CAN X12 440;1
894200;UM1;46100;PEP C 1 X12    ;1
894200;UM1;46100;PEP C 2 X6     ;4
894200;UM1;46100;PEP C 3 X6     ;1
894200;UM1;46100;PEP C 250 X12  ;1
894200;UM1;46100;PAC CAN X12 440;1
894200;UM1;46100;GOL CAN X12 440;1
896437;UM1;46100;PAC CAN X12 440;0,08
900896;UM1;46100;HUA PI 620 X12 ;5
900896;UM1;46100;PAC PI 620 X12 ;5
900896;UM1;46100;PAC CAN X12 440;2
900896;UM1;46100;BOC CAN X12 440;1
900896;UM1;46100;GOL CAN X12 440;1
902172;UM1;46100;PAC PI 620 X12 ;7
906896;UM1;46100;HUA PI 620 X12 ;3
906896;UM1;46100;PEP C 2 X6     ;1
906896;UM1;46100;PAC PI 620 X12 ;2
906896;UM1;46100;HUA PI 620 X12 ;1
911866;UM1;46100;HUA OW X24 300 ;3
913674;UM1;46100;PAC CAN X12 440;6
917610;UM1;46100;PEP C 3 X6     ;3
917610;UM1;46100;PAC CAN X12 440;10
917610;UM1;46100;MAL CAN X12 440;1
925177;UM1;46100;PAC PI 620 X12 ;3
927119;UM1;46100;GOL CAN X12 440;1
927119;UM1;46100;HUA PI 620 X12 ;1
927119;UM1;46100;PEP C 3 X6     ;2
927119;UM1;46100;ORIM PAP 3L PET;1
927119;UM1;46100;AGU 500 PT X12 ;1
927119;UM1;46100;GOL CAN X12 440;1
927147;UM1;46100;PEP C 250 X12  ;1
927147;UM1;46100;PAC CAN X12 440;2
927147;UM1;46100;HUA CAN X12 269;1
41631;UN4;46100;PEP C 2 X6     ;1
41631;UN4;46100;SEV L 2L X6S   ;1
41631;UN4;46100;HUA CAN X12 440;2
42548;UN4;46100;HUA PI 620 X12 ;2
42548;UN4;46100;PEP C 3 X6     ;3
42548;UN4;46100;SEV L 3L X6SF  ;1
42548;UN4;46100;PEP BLA X6 3L  ;2
42548;UN4;46100;PAC CAN X12 440;6
42548;UN4;46100;BOC CAN X12 440;2
66070;UN4;46100;PAC CAN X12 440;5
83322;UN4;46100;PAC CAN X12 440;5
83322;UN4;46100;BOC CAN X12 440;2
83322;UN4;46100;HUA CAN X12 269;1
619060;UN4;46100;PEP BLA 2L X6  ;1
619060;UN4;46100;PEP C 2 X6     ;2
619060;UN4;46100;SEV L 2L X6S   ;1
619060;UN4;46100;PEP BLA 2L X6  ;6
619060;UN4;46100;GAT MORA X6 400;20
621648;UN4;46100;PAC 235 EVE NE ;1
690386;UN4;46100;BOC CAN X12 440;2
690386;UN4;46100;GOL CAN X12 440;4
691505;UN4;46100;HUA PI 620 X12 ;5
691505;UN4;46100;BOC CAN X12 440;2
691554;UN4;46100;PEP C 2 X6     ;12
691554;UN4;46100;SEV L 2L X6S   ;2
691554;UN4;46100;BOC CAN X12 440;2
692863;UN4;46100;PEP C 3 X6     ;1
692863;UN4;46100;SEV L 2L X6S   ;1
692863;UN4;46100;PEP BLA X6 3L  ;2
692863;UN4;46100;PEP BLA 2L X6  ;1
822271;UN4;46100;PEP BLA X6 3L  ;2
822271;UN4;46100;ROCK 300 ENE   ;1
833301;UN4;46100;HUA OW X24 300 ;1
834927;UN4;46100;HUA PI 620 X12 ;8
834927;UN4;46100;GOL CAN X12 440;4
866603;UN4;46100;COR EXT X24 330;2
867008;UN4;46100;HUA OW X24 300 ;4
867011;UN4;46100;HUA OW X24 300 ;1
867011;UN4;46100;PAC X12 269 EVE;5
867011;UN4;46100;HUA OW X24 300 ;2
869751;UN4;46100;BUD OW X24 330 ;1
869751;UN4;46100;SA 4X6 LN 330  ;1
869751;UN4;46100;GAT MORA X6 400;1
872867;UN4;46100;HUA OW X24 300 ;5
876873;UN4;46100;HUA OW X24 300 ;2
895629;UN4;46100;PEP BLA X12 1L ;1
895629;UN4;46100;PAC CAN X12 440;2
895629;UN4;46100;BOC CAN X12 440;2
895629;UN4;46100;ROC BER 300    ;1
897160;UN4;46100;PEP C 2 X6     ;1
897160;UN4;46100;PEP BLA X6 3L  ;2
897160;UN4;46100;GOL CAN X12 440;1
897160;UN4;46100;PEP C 1 X12    ;1
897160;UN4;46100;PEP C 3 X6     ;1
898043;UN4;46100;HUA CAN X12 269;4
898043;UN4;46100;PAC X12 269 EVE;1
898834;UN4;46100;SEV L 3L X6SF  ;0,16
899859;UN4;46100;HUA PI 620 X12 ;2
899859;UN4;46100;PEP C 1 X12    ;1
899859;UN4;46100;PAC CAN X12 440;1
899859;UN4;46100;GOL CAN X12 440;1
901307;UN4;46100;PEP C 3 X6     ;1
901307;UN4;46100;PEP C 250 X12  ;1
901307;UN4;46100;PEP BLA X6 3L  ;1
901307;UN4;46100;PAC CAN X12 440;1
901307;UN4;46100;BOC CAN X12 440;1
905400;UN4;46100;HUA OW X24 300 ;1
909022;UN4;46100;SKOL G X6 300CC;2
911093;UN4;46100;ANT G 2 X6     ;2
911976;UN4;46100;HUA OW X24 300 ;2
913592;UN4;46100;ANT G 2 X6     ;1
913592;UN4;46100;PEP C 3 X6     ;1
913592;UN4;46100;SEV L 3L X6SF  ;1
913592;UN4;46100;SEV L 2L X6S   ;1
913592;UN4;46100;PEP BLA X6 3L  ;1
913592;UN4;46100;BOC CAN X12 440;2
913592;UN4;46100;HUA CAN X12 440;2
913594;UN4;46100;PAC CAN X12 440;5
913594;UN4;46100;HUA PI 620 X12 ;1
913594;UN4;46100;PEP C 1 X12    ;1
913594;UN4;46100;SEV L 2L X6S   ;1
913594;UN4;46100;PAC PI 620 X12 ;2
913594;UN4;46100;PEP BLA X6 3L  ;1
913594;UN4;46100;PEP BLA X12 1L ;1
913594;UN4;46100;GATO FR X6 400 ;1
913594;UN4;46100;PEP BLA 2L X6  ;1
921624;UN4;46100;HUA OW X24 300 ;1
925325;UN4;46100;HUA OW X24 300 ;4
927902;UN4;46100;PAC CAN X12 440;1
46218;UN8;46100;PEP C 3 X6     ;1
46218;UN8;46100;PEP C 250 X12  ;2
46218;UN8;46100;PAC CAN X12 440;1
49706;UN8;46100;PEP C 3 X6     ;1
49706;UN8;46100;PEP C 250 X12  ;1
49706;UN8;46100;PEP BLA X6 3L  ;1
49706;UN8;46100;PAC PI 620 X12 ;2
49706;UN8;46100;PAC CAN X12 440;1
49706;UN8;46100;BOC CAN X12 440;1
61369;UN8;46100;PAC CAN X12 440;5
61369;UN8;46100;PAC CAN X12 440;1
61371;UN8;46100;PEP C 3 X6     ;1
61371;UN8;46100;HUA PI 620 X12 ;1
68487;UN8;46100;PAC PI 620 X12 ;10
69400;UN8;46100;PAC CAN X12 440;5
69400;UN8;46100;HUA MIE X24 300;1
70594;UN8;46100;PEP C 3 X6     ;2
70594;UN8;46100;SEV L 3L X6SF  ;1
70594;UN8;46100;PEP BLA X6 3L  ;1
70594;UN8;46100;BOC CAN X12 440;1
72008;UN8;46100;PEP C 3 X6     ;2
72008;UN8;46100;MAL CAN X12 440;1
72297;UN8;46100;MAL CAN X12 440;1
98257;UN8;46100;PEP C 1 X12    ;1
98257;UN8;46100;PEP C 3 X6     ;2
98257;UN8;46100;MAL CAN X12 440;1
143845;UN8;46100;PEP C 3 X6     ;2
143845;UN8;46100;PEP C 250 X12  ;1
143845;UN8;46100;MAL CAN X12 440;1
809634;UN8;46100;PAC PI 620 X12 ;3
809662;UN8;46100;HUA PI 620 X12 ;1
809662;UN8;46100;PEP C 3 X6     ;1
809662;UN8;46100;PAC PI 620 X12 ;2
809662;UN8;46100;MAL CAN X12 440;1
813375;UN8;46100;GOL CAN X12 440;1
813375;UN8;46100;HUA CAN X12 440;5
816340;UN8;46100;PEP C 1 X12    ;1
816340;UN8;46100;PEP C 3 X6     ;2
816340;UN8;46100;PAC PI 620 X12 ;2
816340;UN8;46100;PEP BLA X6 3L  ;1
816340;UN8;46100;ROCK 300 ENE   ;2
816342;UN8;46100;PEP C 3 X6     ;1
816342;UN8;46100;PAC PI 620 X12 ;1
816357;UN8;46100;PAC CAN X12 440;1
816357;UN8;46100;PEP C 3 X6     ;1
816360;UN8;46100;PAC PI 620 X12 ;7
816363;UN8;46100;PEP C 3 X6     ;1
816363;UN8;46100;PAC CAN X12 440;1
816919;UN8;46100;HUA PI 620 X12 ;2
816919;UN8;46100;PAC PI 620 X12 ;2
816919;UN8;46100;PAC 235 EVE NE ;1
816919;UN8;46100;PEP C 3 X6     ;3
816919;UN8;46100;MAL CAN X12 440;1
822995;UN8;46100;PEP BLA X6 3L  ;1
822995;UN8;46100;PAC CAN X12 440;1
823011;UN8;46100;PEP C 1 X12    ;2
823011;UN8;46100;PEP C 3 X6     ;6
835771;UN8;46100;AGU 500 PT X12 ;1
835771;UN8;46100;MAL CAN X12 440;1
875718;UN8;46100;HUA PI 620 X12 ;5
875718;UN8;46100;PAC PI 620 X12 ;4
894718;UN8;46100;PAC PI 620 X12 ;1
899065;UN8;46100;HUA PI 620 X12 ;5
899065;UN8;46100;PEP C 3 X6     ;1
901045;UN8;46100;PEP C 1 X12    ;1
901045;UN8;46100;PEP C 2 X6     ;1
901045;UN8;46100;PAC CAN X12 440;5
910973;UN8;46100;PAC PI 620 X12 ;3
912748;UN8;46100;HUA PI 620 X12 ;10
914055;UN8;46100;MAL M 620 X12  ;1
926823;UN8;46100;HUA PI 620 X12 ;1
926823;UN8;46100;HUA PI 620 X12 ;1
926823;UN8;46100;PEP C 2 X6     ;1
926823;UN8;46100;AGUA 2000 PT X6;1
928150;UN8;46100;PEP C 3 X6     ;4
39151;XR1;46100;HUA PI 620 X12 ;3
41351;XR1;46100;PEP C 3 X6     ;1
41351;XR1;46100;BOC CAN X12 440;1
41351;XR1;46100;MAL CAN X12 440;1
41351;XR1;46100;GOL CAN X12 440;1
43591;XR1;46100;HUA PI 620 X12 ;6
43591;XR1;46100;PAC PI 620 X12 ;2
43591;XR1;46100;PAC CAN X12 440;5
43591;XR1;46100;PEP BLA X6 3L  ;1
48991;XR1;46100;MAL M 620 X12  ;1
48991;XR1;46100;PAC CAN X12 440;5
48991;XR1;46100;MAL CAN X12 440;1
48991;XR1;46100;PEP C 2 X6     ;4
69584;XR1;46100;HUA PI 620 X12 ;5
69584;XR1;46100;PAC PI 620 X12 ;2
83400;XR1;46100;PEP C 2 X6     ;1
83400;XR1;46100;PEP C 3 X6     ;2
83400;XR1;46100;PEP BLA X6 3L  ;2
83400;XR1;46100;HUA PI 620 X12 ;4
85399;XR1;46100;PEP C 2 X6     ;1
85399;XR1;46100;PAC CAN X12 440;1
85402;XR1;46100;HUA PI 620 X12 ;5
85402;XR1;46100;PEP C 2 X6     ;1
85402;XR1;46100;PEP C 3 X6     ;3
85402;XR1;46100;PAC PI 620 X12 ;3
93961;XR1;46100;PEP C 3 X6     ;3
93961;XR1;46100;MAL CAN X12 440;1
96405;XR1;46100;PEP C 3 X6     ;5
96405;XR1;46100;PEP BLA X6 3L  ;10
100675;XR1;46100;HUA PI 620 X12 ;5
100687;XR1;46100;MAL CAN X12 440;1
103926;XR1;46100;HUA PI 620 X12 ;60
104123;XR1;46100;HUA PI 620 X12 ;10
104123;XR1;46100;PAC PI 620 X12 ;20
104123;XR1;46100;SERV BEES FLEX ;1
104123;XR1;46100;PAC PI 620 X12 ;10
106795;XR1;46100;HUA PI 620 X12 ;3
106795;XR1;46100;PAC PI 620 X12 ;1
808819;XR1;46100;PAC X12 330 EVE;40
809954;XR1;46100;HUA PI 620 X12 ;2
809954;XR1;46100;PEP C 3 X6     ;1
809954;XR1;46100;PAC PI 620 X12 ;2
809954;XR1;46100;PEP C 250 X12  ;1
809978;XR1;46100;GOL CAN X12 440;1
809978;XR1;46100;HUA PI 620 X12 ;2
809998;XR1;46100;PEP C 2 X6     ;1
809998;XR1;46100;PEP C 3 X6     ;1
809998;XR1;46100;PAC PI 620 X12 ;1
810524;XR1;46100;PEP C 3 X6     ;1
810524;XR1;46100;PAC CAN X12 440;1
810558;XR1;46100;HUA PI 620 X12 ;5
810558;XR1;46100;PEP C 1 X12    ;1
810558;XR1;46100;PEP C 3 X6     ;3
810558;XR1;46100;PEP C 250 X12  ;3
810977;XR1;46100;HUA PI 620 X12 ;4
810977;XR1;46100;PAC PI 620 X12 ;3
810977;XR1;46100;MAL CAN X12 440;1
810977;XR1;46100;PEP C 2 X6     ;2
810977;XR1;46100;PEP C 3 X6     ;3
810977;XR1;46100;PEP C 250 X12  ;5
810977;XR1;46100;GOL CAN X12 440;2
811172;XR1;46100;PEP C 3 X6     ;1
812936;XR1;46100;MAL M 620 X12  ;1
812936;XR1;46100;MAL CAN X12 440;1
812936;XR1;46100;GOL CAN X12 440;1
812936;XR1;46100;PEP C 2 X6     ;1
812936;XR1;46100;PEP BLA X6 3L  ;1
812936;XR1;46100;GOL CAN X12 440;1
812936;XR1;46100;PEP C 2 X6     ;1
812936;XR1;46100;PAC CAN X12 440;1
812936;XR1;46100;GOL CAN X12 440;1
812939;XR1;46100;PEP C 3 X6     ;4
812939;XR1;46100;PAC CAN X12 440;5
812939;XR1;46100;HUA CAN X12 440;4
812939;XR1;46100;GOL CAN X12 440;4
812940;XR1;46100;BOC CAN X12 440;1
812940;XR1;46100;HUA PI 620 X12 ;1
812940;XR1;46100;PEP C 2 X6     ;3
812940;XR1;46100;PEP C 3 X6     ;2
812940;XR1;46100;ORIM PAP 3L PET;1
812940;XR1;46100;PEP C 250 X12  ;1
812940;XR1;46100;PEP BLA X6 3L  ;2
812940;XR1;46100;PEP BLA 2L X6  ;2
812940;XR1;46100;PAC CAN X12 440;2
813195;XR1;46100;PEP C 2 X6     ;3
813331;XR1;46100;HUA PI 620 X12 ;5
824234;XR1;46100;PEP C 2 X6     ;2
824234;XR1;46100;SEV L 2L X6S   ;1
832798;XR1;46100;PEP C 1 X12    ;2
832798;XR1;46100;PEP C 2 X6     ;2
832798;XR1;46100;PEP C 3 X6     ;1
832798;XR1;46100;PEP C 250 X12  ;2
839783;XR1;46100;MAL M 620 X12  ;1
839783;XR1;46100;PEP C 3 X6     ;25
839783;XR1;46100;SEV L 3L X6SF  ;25
849559;XR1;46100;PEP C 3 X6     ;1
849559;XR1;46100;PEP C 250 X12  ;1
869048;XR1;46100;HUA PI 620 X12 ;20
869048;XR1;46100;PAC PI 620 X12 ;25
880914;XR1;46100;PAC PI 620 X12 ;5
880914;XR1;46100;PAC CAN X12 440;1
880914;XR1;46100;BOC CAN X12 440;1
880914;XR1;46100;HUA CAN X12 269;1
886532;XR1;46100;HUA PI 620 X12 ;10
892059;XR1;46100;HUA PI 620 X12 ;3
892059;XR1;46100;PAC PI 620 X12 ;2
892059;XR1;46100;PAC CAN X12 440;1
892510;XR1;46100;HUA PI 620 X12 ;10
896553;XR1;46100;HUA PI 620 X12 ;5
896553;XR1;46100;PEP C 2 X6     ;1
896553;XR1;46100;SEV L 2L X6S   ;1
896553;XR1;46100;PEP BLA 2L X6  ;1
899298;XR1;46100;HUA PI 620 X12 ;5
899298;XR1;46100;HUA PI 620 X12 ;5
899298;XR1;46100;PAC PI 620 X12 ;3
899298;XR1;46100;PAC CAN X12 440;1
906995;XR1;46100;SEV L 3L X6SF  ;2
906995;XR1;46100;PAC PI 620 X12 ;7
906995;XR1;46100;PAC CAN X12 440;5
911162;XR1;46100;MAL CAN X12 440;1
911162;XR1;46100;PAC X12 330 EVE;3
911162;XR1;46100;COR EXT X24 330;1
911162;XR1;46100;SKGOLD269X12 BO;1
911162;XR1;46100;PAC X12 269 EVE;3
911162;XR1;46100;ROC BER 300    ;2
911162;XR1;46100;MAL M 620 X12  ;1
911162;XR1;46100;ANT G 500 X12  ;1
911162;XR1;46100;PEP C 500 X12  ;1
911162;XR1;46100;PEP C 1 X12    ;1
911162;XR1;46100;PEP C 2 X6     ;1
911162;XR1;46100;SEV L 2L X6S   ;1
911162;XR1;46100;SEV L 500CC    ;1
911162;XR1;46100;AGUA 2000 PT X6;2
911162;XR1;46100;PEP C 250 X12  ;10
911162;XR1;46100;ORI POM 3L X6  ;1
911162;XR1;46100;SKOL G X6 300CC;1
911162;XR1;46100;PEP BLA X6 3L  ;3
911162;XR1;46100;PEP BLA X12 1L ;1
911162;XR1;46100;PEP BLA X12 500;1
911162;XR1;46100;PAC CAN X12 440;4
911162;XR1;46100;HUA OW X24 300 ;1
911162;XR1;46100;PAC X12 330 EVE;5
911162;XR1;46100;PEP C 1 X12    ;1
911162;XR1;46100;PEP C 250 X12  ;2
912040;XR1;46100;PEP C 2 X6     ;3
912040;XR1;46100;PAC PI 620 X12 ;1
912040;XR1;46100;HUA CAN X12 269;1
917615;XR1;46100;HUA PI 620 X12 ;5
917615;XR1;46100;PAC PI 620 X12 ;7
917615;XR1;46100;PAC CAN X12 440;5
917815;XR1;46100;PEP C 2 X6     ;3
917815;XR1;46100;BOC CAN X12 440;2
917815;XR1;46100;MAL CAN X12 440;1
917815;XR1;46100;HUA CAN X12 269;1
39920;ZT0;46100;HUA PI 620 X12 ;10
39920;ZT0;46100;PEP BLA X6 3L  ;4
40887;ZT0;46100;PEP C 3 X6     ;1
40887;ZT0;46100;MAL CAN X12 440;1
68286;ZT0;46100;PAC PI 620 X12 ;7
74686;ZT0;46100;PAC PI 620 X12 ;10
78909;ZT0;46100;PEP C 3 X6     ;2
78909;ZT0;46100;SERV BEES FLEX ;1
84989;ZT0;46100;PEP C 1 X12    ;1
84989;ZT0;46100;PEP C 3 X6     ;1
84989;ZT0;46100;SEV L 3L X6SF  ;1
84989;ZT0;46100;PEP C 250 X12  ;1
84989;ZT0;46100;PEP BLA X6 3L  ;2
84989;ZT0;46100;ROC BER 300    ;1
86776;ZT0;46100;PAC PI 620 X12 ;1
86776;ZT0;46100;MAL CAN X12 440;1
106411;ZT0;46100;HUA CAN X12 440;4
111845;ZT0;46100;HUA PI 620 X12 ;10
111845;ZT0;46100;PAC PIL 20L BAR;1
111845;ZT0;46100;PAC CAN X12 440;1
691725;ZT0;46100;PAC CAN X12 440;20
823082;ZT0;46100;PEP C 3 X6     ;3
823082;ZT0;46100;PAC PI 620 X12 ;20
835045;ZT0;46100;PAC 235 EVE NE ;3
835045;ZT0;46100;SERV BEES FLEX ;1
886122;ZT0;46100;PEP C 3 X6     ;1
886122;ZT0;46100;PEP BLA X6 3L  ;1
886122;ZT0;46100;PEP BLA X12 1L ;1
886122;ZT0;46100;PEP BLA 2L X6  ;1
887482;ZT0;46100;PEP C 3 X6     ;1
887482;ZT0;46100;PAC PI 620 X12 ;4
887482;ZT0;46100;PEP C 250 X12  ;2
887482;ZT0;46100;PAC CAN X12 440;4
887482;ZT0;46100;HUA PI 620 X12 ;1
896749;ZT0;46100;PEP C 500 X12  ;1
896749;ZT0;46100;PEP C 1 X12    ;2
896749;ZT0;46100;PEP C 2 X6     ;1
896749;ZT0;46100;PEP C 3 X6     ;2
896749;ZT0;46100;PEP BLA X6 3L  ;2
896749;ZT0;46100;PEP BLA 2L X6  ;1
904438;ZT0;46100;HUA PI 620 X12 ;5
909458;ZT0;46100;SEV L 3L X6SF  ;1
909458;ZT0;46100;PAC CAN X12 440;5
909458;ZT0;46100;MAL CAN X12 440;1
913717;ZT0;46100;PEP C 500 X12  ;1
913717;ZT0;46100;PEP C 2 X6     ;2
913717;ZT0;46100;PEP C 3 X6     ;2
913717;ZT0;46100;PEP BLA 2L X6  ;1
913717;ZT0;46100;PAC CAN X12 440;2
913717;ZT0;46100;BOC CAN X12 440;1
913717;ZT0;46100;GOL CAN X12 440;2
927344;ZT0;46100;PAC PI 620 X12 ;1
927344;ZT0;46100;MAL CAN X12 440;1
927344;ZT0;46100;ROC BER 300    ;1
33778;ZT0;46100;HUA PI 620 X12 ;10
34021;ZT0;46100;PEP C 1 X12    ;1
34021;ZT0;46100;PEP C 2 X6     ;1
34021;ZT0;46100;PEP BLA X12 1L ;1
34021;ZT0;46100;PAC CAN X12 440;1
36545;ZT0;46100;7UP LIM 1LX12SF;1
36545;ZT0;46100;PEP C 1 X12    ;1
36545;ZT0;46100;PEP C 250 X12  ;1
39666;ZT0;46100;PEP C 2 X6     ;2
39666;ZT0;46100;PEP C 250 X12  ;4
72020;ZT0;46100;PEP C 2 X6     ;1
72020;ZT0;46100;SEV L 2L X6S   ;1
83853;ZT0;46100;HUA PI 620 X12 ;4
95653;ZT0;46100;PEP C 2 X6     ;1
95653;ZT0;46100;PEP BLA X12 1L ;1
97902;ZT0;46100;HUA PI 620 X12 ;1
97902;ZT0;46100;PAC CAN X12 440;5
97902;ZT0;46100;HUA CAN X12 269;1
97902;ZT0;46100;GOL CAN X12 440;1
104133;ZT0;46100;PAC PI 620 X12 ;3
104133;ZT0;46100;HUA OW X24 300 ;2
104133;ZT0;46100;COR EXT X24 330;2
690197;ZT0;46100;PEP C 1 X12    ;1
690197;ZT0;46100;PEP C 3 X6     ;1
690197;ZT0;46100;PEP C 2 X6     ;1
690197;ZT0;46100;PEP C 250 X12  ;1
690334;ZT0;46100;HUA MIE X24 300;1
690397;ZT0;46100;PEP C 3 X6     ;1
690397;ZT0;46100;PEP C 250 X12  ;1
690398;ZT0;46100;PEP C 1 X12    ;1
690404;ZT0;46100;PEP C 1 X12    ;1
690404;ZT0;46100;PEP C 250 X12  ;1
690440;ZT0;46100;PEP C 1 X12    ;1
690440;ZT0;46100;PEP C 250 X12  ;1
691350;ZT0;46100;HUA PI 620 X12 ;5
691350;ZT0;46100;BOC CAN X12 440;2
691350;ZT0;46100;GOL CAN X12 440;1
691620;ZT0;46100;PEP C 1 X12    ;1
691620;ZT0;46100;PEP C 2 X6     ;1
691620;ZT0;46100;PEP C 3 X6     ;1
691620;ZT0;46100;ROCK 300 ENE   ;1
691674;ZT0;46100;PEP C 3 X6     ;1
868004;ZT0;46100;HUA OW X24 300 ;6
869677;ZT0;46100;HUA OW X24 300 ;1
869677;ZT0;46100;COR EXT X24 330;1
869677;ZT0;46100;HUA OW X24 300 ;1
869677;ZT0;46100;HUA OW X24 300 ;1
869996;ZT0;46100;ORI POM 3L X6  ;1
878375;ZT0;46100;HUA PI 620 X12 ;1
878375;ZT0;46100;PEP C 1 X12    ;1
878375;ZT0;46100;PAC PI 620 X12 ;2
878375;ZT0;46100;PAC PI 620 X12 ;2
878375;ZT0;46100;PAC CAN X12 440;1
878375;ZT0;46100;ROC BER 300    ;1
879646;ZT0;46100;HUA PI 620 X12 ;5
879646;ZT0;46100;PAC PI 620 X12 ;1
879646;ZT0;46100;PEP C 250 X12  ;1
881349;ZT0;46100;HUARI PIL 20L  ;2
884397;ZT0;46100;MAL M 620 X12  ;1
889283;ZT0;46100;HUA OW X24 300 ;1
902483;ZT0;46100;HUA PI 620 X12 ;4
905605;ZT0;46100;PEP C 250 X12  ;1
907504;ZT0;46100;PEP C 3 X6     ;1
907504;ZT0;46100;PEP C 250 X12  ;1
916470;ZT0;46100;PEP C 1 X12    ;2
916470;ZT0;46100;PEP C 2 X6     ;1
919872;ZT0;46100;PAC X12 330 EVE;8
919872;ZT0;46100;PEP C 1 X12    ;8
919872;ZT0;46100;PEP C 250 X12  ;15
921987;ZT0;46100;HUA PI 620 X12 ;7
924002;ZT0;46100;PEP C 2 X6     ;1
924002;ZT0;46100;PEP C 3 X6     ;1
924002;ZT0;46100;PAC CAN X12 440;2
924002;ZT0;46100;PEP C 1 X12    ;1
924016;ZT0;46100;PEP C 250 X12  ;1
34173;ZT4;46100;HUA PI 620 X12 ;5
40473;ZT4;46100;PAC CAN X12 440;10
49736;ZT4;46100;PEP C 3 X6     ;3
49736;ZT4;46100;PEP BLA X6 3L  ;2
49736;ZT4;46100;PAC CAN X12 440;5
49736;ZT4;46100;MAL CAN X12 440;1
68498;ZT4;46100;HUA PI 620 X12 ;10
68498;ZT4;46100;PAC PI 620 X12 ;10
77085;ZT4;46100;PEP C 1 X12    ;1
77085;ZT4;46100;PEP C 250 X12  ;1
77085;ZT4;46100;PEP C 250 X12  ;10
80965;ZT4;46100;PEP C 1 X12    ;2
85197;ZT4;46100;PAC PI 620 X12 ;12
106816;ZT4;46100;HUA PI 620 X12 ;5
816880;ZT4;46100;PAC PI 620 X12 ;5
816880;ZT4;46100;PEP C 250 X12  ;1
816880;ZT4;46100;GOL 620 ENV    ;1
826962;ZT4;46100;BOC CAN X12 440;2
826962;ZT4;46100;MAL CAN X12 440;1
826963;ZT4;46100;HUA PI 620 X12 ;5
836213;ZT4;46100;PEP BLA X6 3L  ;2
891122;ZT4;46100;PEP C 1 X12    ;1
891122;ZT4;46100;PEP C 3 X6     ;1
891122;ZT4;46100;PEP C 2 X6     ;1
902867;ZT4;46100;PEP C 3 X6     ;10
903322;ZT4;46100;MAL CAN X12 440;1
907231;ZT4;46100;PEP C 3 X6     ;1
907231;ZT4;46100;HUA MIE X24 300;1
909423;ZT4;46100;MAL M 620 X12  ;1
909423;ZT4;46100;PEP C 3 X6     ;1
909423;ZT4;46100;HUA PI 620 X12 ;1
909423;ZT4;46100;PEP C 1 X12    ;1
909423;ZT4;46100;PAC CAN X12 440;1
910507;ZT4;46100;HUA PI 620 X12 ;7
910507;ZT4;46100;HUA PI 620 X12 ;7
910507;ZT4;46100;PEP C 3 X6     ;1
912018;ZT4;46100;MAL CAN X12 440;1
912018;ZT4;46100;PEP C 3 X6     ;3
912018;ZT4;46100;PEP C 2 X6     ;1
915861;ZT4;46100;PEP C 1 X12    ;1
915861;ZT4;46100;PEP C 2 X6     ;1
915861;ZT4;46100;PEP C 250 X12  ;1
915861;ZT4;46100;PAC CAN X12 440;5
928101;ZT4;46100;PAC PI 620 X12 ;5
36541;ZT4;46100;PEP C 250 X12  ;1
36541;ZT4;46100;PAC PI 620 X12 ;4
36541;ZT4;46100;PAC PI 620 X12 ;3
40488;ZT4;46100;MAL M 620 X12  ;1
40488;ZT4;46100;PAC CAN X12 440;6
40488;ZT4;46100;BOC CAN X12 440;2
40488;ZT4;46100;MAL CAN X12 440;1
45367;ZT4;46100;PEP C 2 X6     ;1
78937;ZT4;46100;HUA PI 620 X12 ;5
78937;ZT4;46100;PAC PI 620 X12 ;7
79173;ZT4;46100;PAC CAN X12 440;5
79173;ZT4;46100;PEP C 2 X6     ;1
79173;ZT4;46100;PAC PI 620 X12 ;1
79633;ZT4;46100;PAC CAN X12 440;2
79633;ZT4;46100;SERV BEES FLEX ;1
92192;ZT4;46100;HUA PI 620 X12 ;1
92192;ZT4;46100;PEP C 3 X6     ;1
690500;ZT4;46100;PEP C 1 X12    ;2
690500;ZT4;46100;PEP BLA X6 3L  ;2
690500;ZT4;46100;PAC CAN X12 440;6
690500;ZT4;46100;BOC CAN X12 440;2
690500;ZT4;46100;MAL CAN X12 440;1
690714;ZT4;46100;PEP C 1 X12    ;1
690714;ZT4;46100;PEP C 2 X6     ;1
690714;ZT4;46100;GOL CAN X12 440;1
690714;ZT4;46100;PEP C 250 X12  ;1
690714;ZT4;46100;GOL CAN X12 440;1
800700;ZT4;46100;SKOL G X6 300CC;20
800700;ZT4;46100;HUA OW X24 300 ;5
809513;ZT4;46100;PEP C 3 X6     ;4
822668;ZT4;46100;PEP C 3 X6     ;2
822668;ZT4;46100;BOC CAN X12 440;1
822668;ZT4;46100;MAL CAN X12 440;1
822668;ZT4;46100;HUA CAN X12 269;2
822673;ZT4;46100;PEP C 3 X6     ;1
822673;ZT4;46100;PEP BLA X6 3L  ;1
822673;ZT4;46100;PAC CAN X12 440;2
832499;ZT4;46100;PILSE HUAR X12 ;9
873824;ZT4;46100;HUA CAN X12 269;2
873824;ZT4;46100;COR EXT X24 330;1
873824;ZT4;46100;HUA PI 620 X12 ;1
873824;ZT4;46100;ANT G 2 X6     ;2
873824;ZT4;46100;7UP LIM 1LX12SF;2
873824;ZT4;46100;PAC PI 620 X12 ;1
873824;ZT4;46100;ANT 3000 PET X6;1
873824;ZT4;46100;PEP BLA X12 500;2
873824;ZT4;46100;PAC CAN X12 440;2
873824;ZT4;46100;HUA OW X24 300 ;1
879678;ZT4;46100;HUA PI 620 X12 ;2
879678;ZT4;46100;BOC CAN X12 440;2
879678;ZT4;46100;SKGOLD269X12 BO;1
879678;ZT4;46100;PAC PI 620 X12 ;1
882658;ZT4;46100;PEP C 3 X6     ;1
882658;ZT4;46100;SEV L 2L X6S   ;1
891246;ZT4;46100;HUA OW X24 300 ;2
891538;ZT4;46100;PEP C 3 X6     ;1
891538;ZT4;46100;PEP BLA X6 3L  ;1
891538;ZT4;46100;PAC CAN X12 440;2
892184;ZT4;46100;PAC CAN X12 440;20
892184;ZT4;46100;BOC CAN X12 440;2
895516;ZT4;46100;PAC PI 620 X12 ;11
902553;ZT4;46100;HUA PI 620 X12 ;1
902553;ZT4;46100;PAC CAN X12 440;2
902553;ZT4;46100;HUA CAN X12 269;2
905452;ZT4;46100;HUA PI 620 X12 ;3
909060;ZT4;46100;PAC CAN X12 440;2
909060;ZT4;46100;BOC CAN X12 440;1
915245;ZT4;46100;PEP C 2 X6     ;2
915245;ZT4;46100;PEP C 3 X6     ;3
915245;ZT4;46100;GOL CAN X12 440;2
915245;ZT4;46100;ROC BER 300    ;1
916311;ZT4;46100;PAC PI 620 X12 ;1
916311;ZT4;46100;HUA OW X24 300 ;1
916383;ZT4;46100;PEP BLA 2L X6  ;1
922616;ZT4;46100;HUA PI 620 X12 ;5
38345;Z55;46100;PEP C 1 X12    ;2
38345;Z55;46100;PEP C 2 X6     ;1
38345;Z55;46100;PEP C 3 X6     ;2
38345;Z55;46100;PEP C 250 X12  ;1
38345;Z55;46100;PAC CAN X12 440;1
38345;Z55;46100;BOC CAN X12 440;2
39355;Z55;46100;HUA PI 620 X12 ;15
39355;Z55;46100;PAC PI 620 X12 ;10
39355;Z55;46100;PAC CAN X12 440;10
39355;Z55;46100;MAL CAN X12 440;1
39355;Z55;46100;HUA PI 620 X12 ;3
39355;Z55;46100;HUA PI 620 X12 ;10
39779;Z55;46100;ANT G 2 X6     ;3
39779;Z55;46100;PEP C 2 X6     ;6
40046;Z55;46100;HUA PI 620 X12 ;20
40046;Z55;46100;MAL CAN X12 440;1
42015;Z55;46100;PEP C 3 X6     ;1
42015;Z55;46100;PEP BLA X6 3L  ;1
42096;Z55;46100;PAC PI 620 X12 ;7
42096;Z55;46100;PAC CAN X12 440;2
42790;Z55;46100;PEP C 3 X6     ;1
42791;Z55;46100;PEP BLA X6 3L  ;3
42791;Z55;46100;PEP BLA X6 3L  ;2
48935;Z55;46100;HUA PI 620 X12 ;5
48935;Z55;46100;PEP C 3 X6     ;2
48935;Z55;46100;PAC PI 620 X12 ;10
48935;Z55;46100;PAC CAN X12 440;2
48935;Z55;46100;BOC CAN X12 440;1
75611;Z55;46100;HUA PI 620 X12 ;5
75611;Z55;46100;PEP C 3 X6     ;2
75611;Z55;46100;PAC PI 620 X12 ;7
75611;Z55;46100;HUA CAN X12 269;2
76055;Z55;46100;PAC CAN X12 440;5
76055;Z55;46100;PAC PI 620 X12 ;2
86246;Z55;46100;PEP C 2 X6     ;2
86246;Z55;46100;PEP C 3 X6     ;1
86246;Z55;46100;HUA PI 620 X12 ;1
90967;Z55;46100;HUA PI 620 X12 ;0,08
90967;Z55;46100;HUA PI 620 X12 ;5
90967;Z55;46100;PAC CAN X12 440;1
90967;Z55;46100;PEP BLA X6 3L  ;1
92791;Z55;46100;HUA PI 620 X12 ;10
98442;Z55;46100;CAJA PLASTICA C;1
98442;Z55;46100;BOT RT X24 235 ;0,79
98442;Z55;46100;PEP C 3 X6     ;3
676674;Z55;46100;PEP C 2 X6     ;1
676674;Z55;46100;PEP C 3 X6     ;1
676674;Z55;46100;PEP C 250 X12  ;1
690300;Z55;46100;PEP C 3 X6     ;1
690300;Z55;46100;PAC PI 620 X12 ;1
690300;Z55;46100;PEP C 250 X12  ;1
690571;Z55;46100;ROC BER 300    ;1
690571;Z55;46100;PEP C 1 X12    ;1
690571;Z55;46100;PEP C 3 X6     ;2
690571;Z55;46100;SEV L 2L X6S   ;1
690571;Z55;46100;PEP C 250 X12  ;1
690571;Z55;46100;PEP BLA X6 3L  ;1
690571;Z55;46100;GAT MORA X6 400;1
690571;Z55;46100;PAC CAN X12 440;5
690571;Z55;46100;ROCK 300 ENE   ;1
691378;Z55;46100;PEP C 3 X6     ;3
834918;Z55;46100;HUA CAN X12 269;1
834918;Z55;46100;GOL CAN X12 440;6
834918;Z55;46100;PAC 235 EVE NE ;3
834918;Z55;46100;COR EXT X24 330;1
834918;Z55;46100;ROCK 300 ENE   ;1
834918;Z55;46100;ROC BER 300    ;1
834918;Z55;46100;HUA PI 620 X12 ;1
834918;Z55;46100;ANT G 500 X12  ;1
834918;Z55;46100;ANT G 2 X6     ;1
834918;Z55;46100;PEP C 500 X12  ;1
834918;Z55;46100;PEP C 1 X12    ;1
834918;Z55;46100;PEP C 2 X6     ;1
834918;Z55;46100;SEV L 2L X6S   ;1
834918;Z55;46100;PAC PI 620 X12 ;1
834918;Z55;46100;ANT 3000 PET X6;1
834918;Z55;46100;PEP C 250 X12  ;1
834918;Z55;46100;PEP BLA X6 3L  ;1
834918;Z55;46100;PEP BLA X12 1L ;1
834918;Z55;46100;PEP BLA X12 500;1
834918;Z55;46100;PEP BLA 2L X6  ;1
834918;Z55;46100;PAC CAN X12 440;5
834918;Z55;46100;BOC CAN X12 440;2
865328;Z55;46100;PAC CAN X12 440;50
865328;Z55;46100;HUA CAN X12 269;8
869398;Z55;46100;HUA PI 620 X12 ;4
869398;Z55;46100;PAC PI 620 X12 ;1
873074;Z55;46100;PAC 235 EVE NE ;7
886112;Z55;46100;PEP C 3 X6     ;1
888241;Z55;46100;PEP C 2 X6     ;1
888241;Z55;46100;PAC PI 620 X12 ;1
888241;Z55;46100;PAC CAN X12 440;1
893942;Z55;46100;HUA PI 620 X12 ;1
893942;Z55;46100;PEP C 3 X6     ;1
893942;Z55;46100;PAC PI 620 X12 ;3
900268;Z55;46100;PAC PI 620 X12 ;2
905431;Z55;46100;PEP C 500 X12  ;0,83
905431;Z55;46100;BUD OW X24 330 ;3,95
905431;Z55;46100;BOC CAN X12 440;0,33
905431;Z55;46100;HUA CAN X12 269;0,33
905431;Z55;46100;GOL CAN X12 440;0,33
905431;Z55;46100;PAC X12 269 EVE;0,33
905431;Z55;46100;PAC CAN X12 440;1,25
905431;Z55;46100;SEV L 3L X6SF  ;4,66
905431;Z55;46100;PAC X12 330 EVE;3,33
905431;Z55;46100;HUA OW X24 300 ;0,04
905431;Z55;46100;HUA CAN X12 269;12
905431;Z55;46100;PAC 235 EVE NE ;7,75
905431;Z55;46100;PAC X12 330 EVE;32
905432;Z55;46100;PEP C 2 X6     ;1
905432;Z55;46100;PAC CAN X12 440;3
907221;Z55;46100;PAC PI 620 X12 ;5
909280;Z55;46100;PAC PI 620 X12 ;3
909280;Z55;46100;PAC CAN X12 440;2
914089;Z55;46100;HUA PI 620 X12 ;20
914089;Z55;46100;HUA PI 620 X12 ;10
915501;Z55;46100;PEP C 3 X6     ;2
915501;Z55;46100;SEV L 3L X6SF  ;1
916478;Z55;46100;PEP C 3 X6     ;2
916478;Z55;46100;SEV L 3L X6SF  ;1
916478;Z55;46100;PAC PI 620 X12 ;3
916478;Z55;46100;PEP C 250 X12  ;1
916478;Z55;46100;PEP BLA X6 3L  ;1
916478;Z55;46100;PAC CAN X12 440;3
916478;Z55;46100;BOC CAN X12 440;2
916478;Z55;46100;MAL CAN X12 440;1
921933;Z55;46100;PAC PI 620 X12 ;2
921933;Z55;46100;PAC CAN X12 440;5
924534;Z55;46100;PEP C 2 X6     ;1
924534;Z55;46100;PEP C 3 X6     ;2
924534;Z55;46100;PAC X12 330 EVE;2
